sampah_per_jam,ketinggian_sampah,kapasitas_sampah,waktu_sampai_penuh
1,81,100,19.0
1,49,120,71.0
3,78,150,24.0
6,78,200,20.333333333333332
7,69,200,18.714285714285715
6,26,120,15.666666666666666
6,14,200,31.0
6,49,120,11.833333333333334
3,35,120,28.333333333333332
6,7,200,32.166666666666664
8,78,100,2.75
2,130,150,10.0
5,46,200,30.8
1,104,200,96.0
1,97,200,103.0
5,95,200,21.0
3,115,120,1.6666666666666667
4,12,120,27.0
3,0,150,50.0
1,33,150,117.0
1,78,200,122.0
5,77,200,24.6
6,120,200,13.333333333333334
3,92,150,19.333333333333332
9,97,200,11.444444444444445
5,81,100,3.8
8,37,150,14.125
1,13,100,87.0
5,135,200,13.0
3,90,120,10.0
1,53,100,47.0
4,129,150,5.25
5,100,100,0.0
7,88,150,8.857142857142858
1,55,200,145.0
3,93,100,2.3333333333333335
2,92,120,14.0
9,83,100,1.8888888888888888
6,84,120,6.0
3,21,150,43.0
8,34,200,20.75
8,15,200,23.125
2,49,120,35.5
6,121,150,4.833333333333333
7,127,200,10.428571428571429
2,112,150,19.0
2,16,120,52.0
1,79,120,41.0
8,129,100,0.0
1,131,200,69.0
9,84,200,12.88888888888889
6,93,100,1.1666666666666667
7,133,120,0.0
7,80,120,5.714285714285714
3,68,120,17.333333333333332
2,68,120,26.0
9,147,150,0.3333333333333333
8,15,200,23.125
7,50,200,21.428571428571427
9,104,120,1.7777777777777777
4,65,120,13.75
4,8,120,28.0
1,106,200,94.0
8,99,200,12.625
3,85,120,11.666666666666666
7,63,150,12.428571428571429
2,21,100,39.5
2,109,100,0.0
7,96,100,0.5714285714285714
6,17,200,30.5
3,70,200,43.333333333333336
9,126,100,0.0
6,96,100,0.6666666666666666
6,0,150,25.0
1,131,200,69.0
4,3,200,49.25
6,124,100,0.0
6,81,150,11.5
5,26,150,24.8
1,58,100,42.0
8,31,100,8.625
5,27,200,34.6
5,105,100,0.0
7,104,120,2.2857142857142856
4,69,150,20.25
6,61,100,6.5
4,33,120,21.75
3,86,150,21.333333333333332
7,113,120,1.0
8,105,120,1.875
4,55,100,11.25
2,112,150,19.0
3,12,120,36.0
1,17,200,183.0
8,112,150,4.75
3,38,200,54.0
7,78,100,3.142857142857143
5,145,200,11.0
5,29,150,24.2
7,97,120,3.2857142857142856
9,57,120,7.0
5,66,150,16.8
1,70,120,50.0
1,145,200,55.0
2,105,120,7.5
6,6,120,19.0
9,39,200,17.88888888888889
8,69,200,16.375
5,67,200,26.6
1,48,100,52.0
7,51,200,21.285714285714285
5,113,200,17.4
6,106,100,0.0
7,28,120,13.142857142857142
3,148,200,17.333333333333332
3,77,150,24.333333333333332
5,8,200,38.4
6,75,200,20.833333333333332
9,41,100,6.555555555555555
5,127,150,4.6
1,19,120,101.0
4,71,120,12.25
5,64,150,17.2
5,112,200,17.6
7,23,100,11.0
4,127,150,5.75
1,82,150,68.0
5,62,120,11.6
7,59,100,5.857142857142857
6,98,150,8.666666666666666
5,61,100,7.8
4,29,200,42.75
2,21,120,49.5
4,125,200,18.75
3,41,100,19.666666666666668
1,97,200,103.0
8,30,120,11.25
5,111,100,0.0
4,145,150,1.25
8,121,200,9.875
7,16,120,14.857142857142858
2,37,150,56.5
1,141,120,0.0
4,109,100,0.0
8,21,100,9.875
2,55,200,72.5
3,118,120,0.6666666666666666
1,146,120,0.0
1,56,120,64.0
3,34,100,22.0
5,113,200,17.4
3,124,120,0.0
1,128,120,0.0
1,51,150,99.0
8,84,120,4.5
2,64,200,68.0
3,128,150,7.333333333333333
2,20,150,65.0
3,15,150,45.0
7,122,100,0.0
1,60,150,90.0
8,53,120,8.375
2,25,100,37.5
3,79,100,7.0
9,64,100,4.0
7,99,100,0.14285714285714285
4,73,100,6.75
5,16,100,16.8
2,120,100,0.0
8,22,150,16.0
4,134,200,16.5
9,70,120,5.555555555555555
5,107,120,2.6
9,78,150,8.0
4,45,150,26.25
5,77,100,4.6
9,15,200,20.555555555555557
8,70,100,3.75
3,95,150,18.333333333333332
1,146,100,0.0
3,1,120,39.666666666666664
4,9,120,27.75
2,124,100,0.0
1,80,200,120.0
7,139,100,0.0
8,69,100,3.875
7,149,200,7.285714285714286
5,31,200,33.8
1,104,200,96.0
7,83,120,5.285714285714286
7,128,100,0.0
9,57,150,10.333333333333334
3,145,200,18.333333333333332
9,133,200,7.444444444444445
1,44,100,56.0
1,96,150,54.0
4,22,100,19.5
9,22,100,8.666666666666666
6,134,200,11.0
3,78,200,40.666666666666664
1,43,120,77.0
4,26,150,31.0
9,25,150,13.88888888888889
3,96,200,34.666666666666664
9,35,200,18.333333333333332
7,108,200,13.142857142857142
4,54,150,24.0
3,68,120,17.333333333333332
5,60,150,18.0
5,129,200,14.2
3,54,200,48.666666666666664
9,121,120,0.0
4,96,100,1.0
5,79,100,4.2
4,86,150,16.0
5,37,100,12.6
7,118,100,0.0
9,77,150,8.11111111111111
7,34,200,23.714285714285715
5,78,100,4.4
7,66,200,19.142857142857142
5,86,150,12.8
3,33,200,55.666666666666664
7,96,200,14.857142857142858
2,70,150,40.0
9,2,200,22.0
1,57,100,43.0
6,31,100,11.5
7,30,100,10.0
8,81,100,2.375
9,42,200,17.555555555555557
2,134,100,0.0
2,104,200,48.0
5,0,120,24.0
5,60,200,28.0
6,13,100,14.5
3,5,120,38.333333333333336
8,102,150,6.0
1,9,200,191.0
6,70,100,5.0
4,89,100,2.75
1,148,100,0.0
7,125,150,3.5714285714285716
9,96,120,2.6666666666666665
4,73,120,11.75
4,114,100,0.0
6,50,200,25.0
3,55,100,15.0
6,40,100,10.0
7,31,200,24.142857142857142
3,14,100,28.666666666666668
7,61,150,12.714285714285714
3,27,100,24.333333333333332
2,63,150,43.5
4,129,100,0.0
8,126,120,0.0
9,35,200,18.333333333333332
7,113,120,1.0
1,12,100,88.0
3,14,100,28.666666666666668
9,88,150,6.888888888888889
1,21,100,79.0
9,73,100,3.0
8,24,100,9.5
1,100,120,20.0
6,116,150,5.666666666666667
5,40,120,16.0
6,87,150,10.5
5,109,120,2.2
6,119,100,0.0
5,96,120,4.8
5,144,120,0.0
4,56,150,23.5
3,129,150,7.0
3,95,120,8.333333333333334
4,120,150,7.5
9,61,150,9.88888888888889
2,136,150,7.0
9,67,200,14.777777777777779
1,80,150,70.0
1,16,200,184.0
5,116,200,16.8
6,49,150,16.833333333333332
6,111,120,1.5
3,93,150,19.0
7,84,100,2.2857142857142856
9,148,120,0.0
8,145,200,6.875
6,73,200,21.166666666666668
8,108,120,1.5
5,144,120,0.0
8,17,150,16.625
4,41,200,39.75
8,100,100,0.0
2,44,150,53.0
5,81,120,7.8
9,16,200,20.444444444444443
4,72,120,12.0
6,13,120,17.833333333333332
1,131,120,0.0
9,81,150,7.666666666666667
1,147,100,0.0
5,119,100,0.0
4,119,200,20.25
3,46,120,24.666666666666668
6,106,100,0.0
2,107,120,6.5
3,8,200,64.0
5,78,120,8.4
9,14,100,9.555555555555555
2,18,120,51.0
8,89,100,1.375
2,25,200,87.5
5,91,120,5.8
7,81,100,2.7142857142857144
8,130,200,8.75
1,41,120,79.0
6,18,200,30.333333333333332
1,16,100,84.0
2,75,120,22.5
1,62,120,58.0
5,130,120,0.0
9,106,200,10.444444444444445
6,48,200,25.333333333333332
1,54,100,46.0
1,98,150,52.0
2,51,120,34.5
9,99,120,2.3333333333333335
3,116,100,0.0
1,117,120,3.0
5,6,200,38.8
7,45,200,22.142857142857142
6,45,120,12.5
1,99,120,21.0
5,143,200,11.4
5,53,120,13.4
6,61,200,23.166666666666668
3,128,150,7.333333333333333
5,48,150,20.4
7,24,120,13.714285714285714
5,9,120,22.2
5,117,120,0.6
5,143,200,11.4
3,91,150,19.666666666666668
1,133,150,17.0
5,143,100,0.0
9,147,100,0.0
1,79,120,41.0
3,70,200,43.333333333333336
4,77,120,10.75
1,42,150,108.0
1,89,120,31.0
8,77,120,5.375
2,25,150,62.5
8,120,150,3.75
7,44,150,15.142857142857142
2,62,150,44.0
6,67,100,5.5
6,1,200,33.166666666666664
3,141,200,19.666666666666668
2,107,150,21.5
1,29,200,171.0
6,48,200,25.333333333333332
5,139,200,12.2
9,43,200,17.444444444444443
1,12,150,138.0
7,77,120,6.142857142857143
5,125,120,0.0
5,97,120,4.6
2,25,100,37.5
3,148,200,17.333333333333332
7,47,150,14.714285714285714
6,65,150,14.166666666666666
2,86,100,7.0
6,78,150,12.0
2,22,120,49.0
2,80,100,10.0
2,47,150,51.5
3,123,100,0.0
2,129,100,0.0
4,83,150,16.75
9,19,120,11.222222222222221
6,45,150,17.5
1,130,200,70.0
8,11,200,23.625
7,39,150,15.857142857142858
3,65,120,18.333333333333332
1,99,200,101.0
5,77,200,24.6
4,15,150,33.75
8,82,150,8.5
1,43,150,107.0
1,133,100,0.0
4,99,100,0.25
8,21,100,9.875
5,17,150,26.6
2,11,120,54.5
6,122,200,13.0
5,116,100,0.0
2,50,120,35.0
3,70,150,26.666666666666668
9,47,100,5.888888888888889
7,18,150,18.857142857142858
7,5,120,16.428571428571427
6,83,100,2.8333333333333335
8,52,100,6.0
4,106,100,0.0
8,100,100,0.0
4,47,120,18.25
8,134,100,0.0
9,68,200,14.666666666666666
3,10,200,63.333333333333336
3,142,150,2.6666666666666665
2,130,100,0.0
3,121,200,26.333333333333332
3,68,200,44.0
5,22,200,35.6
5,36,120,16.8
2,8,100,46.0
6,14,120,17.666666666666668
5,130,120,0.0
6,92,200,18.0
1,16,200,184.0
5,148,150,0.4
9,71,100,3.2222222222222223
2,148,100,0.0
1,120,200,80.0
9,10,200,21.11111111111111
9,71,100,3.2222222222222223
9,105,150,5.0
6,124,200,12.666666666666666
8,34,150,14.5
1,118,120,2.0
4,13,200,46.75
1,13,120,107.0
8,9,200,23.875
1,139,120,0.0
3,37,200,54.333333333333336
4,107,150,10.75
8,118,150,4.0
6,33,150,19.5
7,9,120,15.857142857142858
8,121,150,3.625
2,144,120,0.0
8,144,200,7.0
3,114,120,2.0
7,0,200,28.571428571428573
3,11,100,29.666666666666668
7,102,100,0.0
2,3,100,48.5
6,140,120,0.0
3,97,100,1.0
3,105,100,0.0
9,84,100,1.7777777777777777
7,120,200,11.428571428571429
5,131,150,3.8
7,81,120,5.571428571428571
9,18,100,9.11111111111111
1,129,200,71.0
7,11,150,19.857142857142858
6,80,150,11.666666666666666
9,73,150,8.555555555555555
1,97,200,103.0
4,5,100,23.75
9,135,150,1.6666666666666667
4,124,200,19.0
3,50,200,50.0
9,10,120,12.222222222222221
2,126,200,37.0
4,139,150,2.75
6,72,150,13.0
2,1,200,99.5
8,7,150,17.875
8,138,200,7.75
1,123,150,27.0
3,52,120,22.666666666666668
9,9,100,10.11111111111111
5,111,120,1.8
6,7,120,18.833333333333332
4,35,100,16.25
2,105,150,22.5
8,13,100,10.875
6,85,200,19.166666666666668
5,148,100,0.0
9,49,120,7.888888888888889
1,19,100,81.0
5,86,150,12.8
6,134,120,0.0
5,136,200,12.8
6,128,150,3.6666666666666665
6,37,120,13.833333333333334
7,43,200,22.428571428571427
4,85,150,16.25
8,43,200,19.625
7,73,100,3.857142857142857
9,118,100,0.0
7,121,200,11.285714285714286
3,133,100,0.0
3,144,200,18.666666666666668
8,50,150,12.5
5,37,120,16.6
4,50,200,37.5
8,9,120,13.875
6,119,120,0.16666666666666666
2,148,200,26.0
4,69,100,7.75
4,84,150,16.5
6,56,120,10.666666666666666
6,125,150,4.166666666666667
1,38,120,82.0
8,32,200,21.0
6,17,100,13.833333333333334
3,56,150,31.333333333333332
9,95,120,2.7777777777777777
2,47,200,76.5
8,41,200,19.875
3,26,120,31.333333333333332
5,73,120,9.4
6,109,120,1.8333333333333333
6,31,100,11.5
4,25,120,23.75
3,24,120,32.0
4,74,100,6.5
1,22,200,178.0
4,56,120,16.0
1,125,150,25.0
1,86,200,114.0
6,30,150,20.0
5,63,120,11.4
4,32,100,17.0
3,1,100,33.0
1,17,100,83.0
6,83,120,6.166666666666667
2,34,120,43.0
8,113,150,4.625
5,145,100,0.0
7,109,120,1.5714285714285714
2,87,200,56.5
8,71,120,6.125
2,124,120,0.0
4,29,200,42.75
1,52,100,48.0
5,137,200,12.6
9,86,100,1.5555555555555556
1,138,200,62.0
9,12,150,15.333333333333334
8,39,100,7.625
6,88,120,5.333333333333333
7,67,150,11.857142857142858
3,41,100,19.666666666666668
1,146,100,0.0
5,93,100,1.4
2,18,200,91.0
5,22,100,15.6
8,53,120,8.375
9,64,100,4.0
2,139,120,0.0
3,23,120,32.333333333333336
3,33,120,29.0
1,52,150,98.0
8,135,120,0.0
6,17,200,30.5
8,56,100,5.5
9,111,200,9.88888888888889
5,4,150,29.2
3,12,100,29.333333333333332
5,82,120,7.6
5,28,100,14.4
5,2,150,29.6
3,89,150,20.333333333333332
4,103,200,24.25
9,122,100,0.0
9,75,100,2.7777777777777777
2,129,100,0.0
8,107,200,11.625
8,81,150,8.625
7,76,120,6.285714285714286
8,1,100,12.375
3,126,200,24.666666666666668
6,134,200,11.0
1,25,120,95.0
7,87,150,9.0
1,15,100,85.0
9,72,100,3.111111111111111
1,31,200,169.0
1,14,150,136.0
7,140,100,0.0
2,4,120,58.0
5,73,150,15.4
8,51,150,12.375
8,76,200,15.5
3,109,200,30.333333333333332
7,142,100,0.0
3,105,200,31.666666666666668
6,126,150,4.0
6,6,100,15.666666666666666
3,39,100,20.333333333333332
7,98,150,7.428571428571429
3,142,100,0.0
8,84,120,4.5
4,64,120,14.0
1,131,100,0.0
4,10,200,47.5
7,107,120,1.8571428571428572
4,25,100,18.75
6,84,120,6.0
9,122,200,8.666666666666666
1,143,150,7.0
5,67,100,6.6
7,103,100,0.0
1,79,100,21.0
4,52,100,12.0
6,105,100,0.0
2,43,100,28.5
5,139,200,12.2
1,89,150,61.0
6,100,200,16.666666666666668
6,96,200,17.333333333333332
4,8,150,35.5
8,11,200,23.625
4,68,120,13.0
8,27,200,21.625
8,55,100,5.625
5,98,120,4.4
4,109,120,2.75
2,76,150,37.0
3,102,200,32.666666666666664
3,105,200,31.666666666666668
4,108,120,3.0
4,111,200,22.25
5,57,200,28.6
4,77,150,18.25
8,74,120,5.75
6,41,100,9.833333333333334
6,67,120,8.833333333333334
8,32,150,14.75
7,70,150,11.428571428571429
8,55,150,11.875
2,104,200,48.0
9,100,120,2.2222222222222223
1,50,200,150.0
8,73,200,15.875
4,120,120,0.0
4,142,150,2.0
5,142,100,0.0
8,4,100,12.0
5,82,120,7.6
8,50,120,8.75
1,9,150,141.0
9,139,120,0.0
6,3,120,19.5
3,94,150,18.666666666666668
8,145,150,0.625
9,79,200,13.444444444444445
6,35,120,14.166666666666666
7,24,100,10.857142857142858
1,97,120,23.0
5,100,100,0.0
5,8,100,18.4
4,60,100,10.0
6,52,200,24.666666666666668
7,145,150,0.7142857142857143
9,62,150,9.777777777777779
1,120,200,80.0
6,104,150,7.666666666666667
7,3,200,28.142857142857142
3,92,120,9.333333333333334
8,27,200,21.625
5,79,150,14.2
9,75,150,8.333333333333334
5,115,120,1.0
9,68,200,14.666666666666666
4,97,120,5.75
9,0,100,11.11111111111111
5,95,200,21.0
9,16,120,11.555555555555555
3,111,120,3.0
4,90,150,15.0
9,87,200,12.555555555555555
6,89,100,1.8333333333333333
2,48,100,26.0
7,37,200,23.285714285714285
2,149,200,25.5
2,131,120,0.0
1,58,150,92.0
3,67,150,27.666666666666668
6,129,150,3.5
8,48,200,19.0
9,125,150,2.7777777777777777
7,110,120,1.4285714285714286
4,47,200,38.25
6,50,200,25.0
5,42,150,21.6
8,97,100,0.375
1,123,100,0.0
1,79,120,41.0
6,110,150,6.666666666666667
2,142,150,4.0
5,26,200,34.8
1,112,200,88.0
7,85,150,9.285714285714286
1,113,200,87.0
4,123,150,6.75
9,48,120,8.0
1,75,200,125.0
4,54,150,24.0
6,55,200,24.166666666666668
6,94,120,4.333333333333333
8,43,200,19.625
1,86,150,64.0
7,83,200,16.714285714285715
1,15,200,185.0
7,148,150,0.2857142857142857
3,144,100,0.0
8,36,200,20.5
3,76,200,41.333333333333336
1,146,120,0.0
8,44,100,7.0
3,145,120,0.0
2,61,150,44.5
1,99,150,51.0
3,51,120,23.0
2,18,200,91.0
2,108,100,0.0
6,43,120,12.833333333333334
1,6,120,114.0
2,116,150,17.0
6,67,200,22.166666666666668
3,33,100,22.333333333333332
4,68,120,13.0
1,54,100,46.0
8,9,100,11.375
7,41,120,11.285714285714286
7,40,100,8.571428571428571
3,121,150,9.666666666666666
3,137,200,21.0
2,9,200,95.5
1,101,200,99.0
7,127,150,3.2857142857142856
7,148,150,0.2857142857142857
2,135,150,7.5
7,91,200,15.571428571428571
8,112,100,0.0
1,77,150,73.0
9,84,120,4.0
7,29,150,17.285714285714285
3,48,120,24.0
8,8,200,24.0
7,144,120,0.0
8,68,150,10.25
6,57,150,15.5
9,61,100,4.333333333333333
5,51,200,29.8
3,39,120,27.0
3,62,200,46.0
1,146,150,4.0
8,49,100,6.375
2,140,150,5.0
3,77,150,24.333333333333332
8,96,150,6.75
8,42,120,9.75
4,35,150,28.75
4,121,200,19.75
5,107,200,18.6
6,9,100,15.166666666666666
5,94,200,21.2
7,5,150,20.714285714285715
2,56,150,47.0
7,128,200,10.285714285714286
7,70,100,4.285714285714286
1,20,100,80.0
7,91,200,15.571428571428571
5,126,120,0.0
3,79,120,13.666666666666666
3,55,120,21.666666666666668
4,115,120,1.25
2,147,200,26.5
2,24,100,38.0
1,4,150,146.0
5,119,150,6.2
4,20,200,45.0
2,17,150,66.5
3,56,120,21.333333333333332
7,92,100,1.1428571428571428
7,18,200,26.0
4,127,100,0.0
5,96,200,20.8
5,130,200,14.0
6,20,200,30.0
9,39,200,17.88888888888889
2,66,100,17.0
5,126,150,4.8
3,54,200,48.666666666666664
4,108,120,3.0
6,97,200,17.166666666666668
8,111,100,0.0
1,114,200,86.0
8,116,120,0.5
7,86,100,2.0
1,80,200,120.0
2,65,120,27.5
3,18,100,27.333333333333332
1,134,200,66.0
9,117,120,0.3333333333333333
8,41,100,7.375
2,41,200,79.5
9,58,100,4.666666666666667
7,19,120,14.428571428571429
9,72,200,14.222222222222221
6,16,200,30.666666666666668
6,26,200,29.0
4,1,120,29.75
2,62,150,44.0
7,61,200,19.857142857142858
5,99,120,4.2
6,18,100,13.666666666666666
2,16,100,42.0
5,68,120,10.4
4,116,150,8.5
9,80,120,4.444444444444445
6,38,100,10.333333333333334
2,35,100,32.5
1,131,200,69.0
5,28,150,24.4
9,50,120,7.777777777777778
6,13,100,14.5
7,68,100,4.571428571428571
5,145,100,0.0
6,56,120,10.666666666666666
5,11,120,21.8
9,16,150,14.88888888888889
6,29,200,28.5
8,87,200,14.125
2,98,200,51.0
9,22,100,8.666666666666666
5,128,200,14.4
7,78,100,3.142857142857143
1,31,150,119.0
5,8,100,18.4
2,14,150,68.0
6,26,150,20.666666666666668
1,108,200,92.0
3,75,200,41.666666666666664
5,147,100,0.0
4,64,120,14.0
3,108,200,30.666666666666668
5,128,200,14.4
8,9,120,13.875
4,46,120,18.5
1,122,200,78.0
7,58,120,8.857142857142858
8,95,100,0.625
3,102,150,16.0
6,123,150,4.5
2,85,200,57.5
7,145,200,7.857142857142857
8,111,100,0.0
6,26,120,15.666666666666666
6,17,200,30.5
5,81,150,13.8
8,71,100,3.625
1,53,100,47.0
4,70,120,12.5
4,145,200,13.75
3,37,200,54.333333333333336
3,136,100,0.0
4,34,150,29.0
1,81,200,119.0
2,132,150,9.0
9,141,100,0.0
2,3,200,98.5
5,149,150,0.2
9,22,100,8.666666666666666
9,47,150,11.444444444444445
8,147,200,6.625
1,124,120,0.0
1,54,150,96.0
9,67,120,5.888888888888889
8,87,200,14.125
9,0,120,13.333333333333334
7,134,100,0.0
3,94,120,8.666666666666666
3,139,150,3.6666666666666665
2,105,150,22.5
5,132,120,0.0
3,107,100,0.0
6,41,200,26.5
2,101,120,9.5
3,123,150,9.0
5,139,150,2.2
1,102,120,18.0
1,145,120,0.0
9,73,120,5.222222222222222
7,107,200,13.285714285714286
1,121,150,29.0
8,16,150,16.75
3,70,150,26.666666666666668
8,61,200,17.375
5,40,100,12.0
1,118,150,32.0
7,44,150,15.142857142857142
5,57,100,8.6
6,125,200,12.5
6,43,100,9.5
8,14,100,10.75
9,77,100,2.5555555555555554
2,69,100,15.5
9,100,200,11.11111111111111
9,2,200,22.0
7,85,100,2.142857142857143
1,73,120,47.0
7,50,120,10.0
5,66,120,10.8
6,75,120,7.5
7,92,150,8.285714285714286
5,144,200,11.2
7,6,200,27.714285714285715
9,12,100,9.777777777777779
3,119,150,10.333333333333334
8,65,100,4.375
2,3,100,48.5
7,137,200,9.0
2,87,150,31.5
4,16,120,26.0
7,51,200,21.285714285714285
3,133,150,5.666666666666667
2,68,150,41.0
7,136,200,9.142857142857142
1,20,200,180.0
8,23,100,9.625
3,3,100,32.333333333333336
2,2,100,49.0
3,67,120,17.666666666666668
5,100,200,20.0
8,53,150,12.125
7,34,200,23.714285714285715
7,55,150,13.571428571428571
7,107,120,1.8571428571428572
8,39,200,20.125
1,67,150,83.0
4,45,150,26.25
6,77,100,3.8333333333333335
9,140,120,0.0
2,5,200,97.5
1,16,100,84.0
2,98,120,11.0
7,80,100,2.857142857142857
3,1,200,66.33333333333333
2,76,150,37.0
7,65,200,19.285714285714285
2,51,120,34.5
3,91,200,36.333333333333336
7,21,120,14.142857142857142
4,110,100,0.0
1,106,120,14.0
5,66,150,16.8
9,139,150,1.2222222222222223
8,68,150,10.25
9,83,100,1.8888888888888888
9,102,120,2.0
7,38,100,8.857142857142858
4,12,200,47.0
5,40,200,32.0
1,56,200,144.0
1,11,200,189.0
3,12,150,46.0
8,119,120,0.125
2,96,150,27.0
4,56,120,16.0
2,39,120,40.5
5,117,100,0.0
9,79,200,13.444444444444445
1,127,120,0.0
5,34,200,33.2
9,2,200,22.0
1,119,200,81.0
9,4,150,16.22222222222222
8,10,200,23.75
4,125,120,0.0
5,70,150,16.0
5,116,200,16.8
6,137,100,0.0
7,105,200,13.571428571428571
8,115,200,10.625
8,66,150,10.5
2,30,120,45.0
9,74,200,14.0
7,70,150,11.428571428571429
4,65,150,21.25
4,69,120,12.75
8,40,150,13.75
4,19,120,25.25
6,139,100,0.0
5,38,200,32.4
3,144,150,2.0
2,44,100,28.0
9,138,150,1.3333333333333333
9,69,150,9.0
1,124,100,0.0
3,90,150,20.0
8,69,150,10.125
6,129,100,0.0
5,83,150,13.4
5,88,120,6.4
6,78,150,12.0
7,112,200,12.571428571428571
1,92,150,58.0
9,71,200,14.333333333333334
3,48,200,50.666666666666664
4,51,150,24.75
1,32,100,68.0
3,21,120,33.0
2,113,120,3.5
2,132,150,9.0
1,17,100,83.0
8,117,100,0.0
3,116,120,1.3333333333333333
3,36,100,21.333333333333332
6,63,150,14.5
8,137,150,1.625
9,78,100,2.4444444444444446
9,122,150,3.111111111111111
4,43,200,39.25
5,81,120,7.8
2,86,150,32.0
9,15,100,9.444444444444445
8,53,120,8.375
3,101,150,16.333333333333332
9,97,120,2.5555555555555554
3,1,100,33.0
9,93,200,11.88888888888889
2,140,200,30.0
9,58,150,10.222222222222221
8,68,200,16.5
9,118,150,3.5555555555555554
5,91,120,5.8
2,44,150,53.0
8,147,150,0.375
6,23,150,21.166666666666668
8,90,200,13.75
5,93,150,11.4
2,57,100,21.5
6,127,150,3.8333333333333335
5,6,120,22.8
5,46,100,10.8
1,52,120,68.0
2,37,120,41.5
8,52,120,8.5
3,142,100,0.0
3,47,100,17.666666666666668
8,94,200,13.25
8,146,100,0.0
2,136,150,7.0
8,63,120,7.125
1,92,200,108.0
6,124,100,0.0
8,38,120,10.25
3,3,100,32.333333333333336
8,125,200,9.375
1,2,100,98.0
9,63,100,4.111111111111111
9,28,120,10.222222222222221
5,115,150,7.0
4,10,100,22.5
6,96,200,17.333333333333332
7,101,100,0.0
5,20,100,16.0
9,38,150,12.444444444444445
3,101,120,6.333333333333333
7,45,200,22.142857142857142
5,65,120,11.0
7,90,120,4.285714285714286
2,110,120,5.0
4,81,100,4.75
2,122,150,14.0
7,98,100,0.2857142857142857
2,34,200,83.0
1,102,150,48.0
9,128,120,0.0
1,24,150,126.0
8,42,200,19.75
2,83,100,8.5
8,50,100,6.25
3,129,120,0.0
6,125,100,0.0
3,68,100,10.666666666666666
7,8,200,27.428571428571427
9,1,150,16.555555555555557
2,9,100,45.5
5,113,200,17.4
6,75,200,20.833333333333332
4,84,120,9.0
4,48,200,38.0
4,69,120,12.75
2,130,100,0.0
4,132,120,0.0
1,89,200,111.0
6,25,150,20.833333333333332
1,71,150,79.0
6,4,100,16.0
1,14,100,86.0
6,122,150,4.666666666666667
8,143,120,0.0
2,0,100,50.0
2,143,200,28.5
4,2,100,24.5
3,46,120,24.666666666666668
4,94,100,1.5
7,12,200,26.857142857142858
1,119,200,81.0
6,54,200,24.333333333333332
3,148,120,0.0
7,65,120,7.857142857142857
2,89,200,55.5
2,61,200,69.5
4,101,120,4.75
1,138,120,0.0
3,7,120,37.666666666666664
9,96,150,6.0
7,116,120,0.5714285714285714
7,63,200,19.571428571428573
4,20,150,32.5
2,114,120,3.0
4,84,200,29.0
6,19,100,13.5
3,7,150,47.666666666666664
1,57,200,143.0
8,45,100,6.875
5,30,200,34.0
5,92,120,5.6
4,8,120,28.0
6,14,100,14.333333333333334
3,93,120,9.0
9,137,200,7.0
5,28,100,14.4
3,79,200,40.333333333333336
1,35,200,165.0
6,83,200,19.5
2,108,120,6.0
3,117,120,1.0
1,36,200,164.0
9,85,150,7.222222222222222
8,70,200,16.25
2,92,200,54.0
8,79,100,2.625
9,101,200,11.0
1,13,120,107.0
5,116,100,0.0
8,72,150,9.75
2,90,100,5.0
4,89,150,15.25
7,28,100,10.285714285714286
3,48,100,17.333333333333332
5,71,150,15.8
8,132,120,0.0
3,41,120,26.333333333333332
4,134,120,0.0
9,41,100,6.555555555555555
7,104,200,13.714285714285714
1,26,100,74.0
4,57,200,35.75
4,45,200,38.75
9,65,120,6.111111111111111
6,24,200,29.333333333333332
9,72,100,3.111111111111111
6,116,100,0.0
6,128,120,0.0
5,86,150,12.8
5,73,100,5.4
2,124,200,38.0
8,66,100,4.25
8,5,100,11.875
1,124,100,0.0
8,57,150,11.625
5,69,200,26.2
2,52,120,34.0
2,65,100,17.5
6,57,200,23.833333333333332
9,81,200,13.222222222222221
1,86,120,34.0
6,1,100,16.5
9,149,150,0.1111111111111111
8,36,200,20.5
6,147,120,0.0
3,102,150,16.0
8,23,200,22.125
9,111,100,0.0
1,64,200,136.0
9,128,150,2.4444444444444446
6,116,150,5.666666666666667
6,115,100,0.0
4,104,100,0.0
1,2,120,118.0
8,45,100,6.875
2,54,120,33.0
1,74,150,76.0
2,44,150,53.0
1,76,200,124.0
1,23,200,177.0
9,34,120,9.555555555555555
1,23,100,77.0
4,27,100,18.25
6,15,200,30.833333333333332
7,58,150,13.142857142857142
2,143,120,0.0
6,14,150,22.666666666666668
7,10,150,20.0
2,78,100,11.0
2,114,120,3.0
7,67,150,11.857142857142858
1,42,200,158.0
8,68,200,16.5
3,140,100,0.0
6,137,200,10.5
9,74,200,14.0
6,102,150,8.0
9,40,200,17.77777777777778
7,58,200,20.285714285714285
9,38,150,12.444444444444445
2,2,100,49.0
8,6,100,11.75
8,48,120,9.0
2,25,200,87.5
4,100,150,12.5
7,78,120,6.0
4,1,100,24.75
4,126,100,0.0
6,131,150,3.1666666666666665
6,19,120,16.833333333333332
3,116,120,1.3333333333333333
9,31,150,13.222222222222221
2,27,150,61.5
6,76,120,7.333333333333333
7,0,100,14.285714285714286
9,55,200,16.11111111111111
3,34,100,22.0
3,111,150,13.0
7,29,120,13.0
4,53,120,16.75
8,35,200,20.625
7,79,120,5.857142857142857
5,57,200,28.6
7,82,100,2.5714285714285716
3,64,100,12.0
2,68,120,26.0
6,127,120,0.0
2,50,150,50.0
3,21,150,43.0
6,106,120,2.3333333333333335
5,108,120,2.4
8,115,100,0.0
9,100,120,2.2222222222222223
3,99,150,17.0
3,67,100,11.0
3,35,200,55.0
6,145,150,0.8333333333333334
1,21,150,129.0
7,65,100,5.0
1,20,200,180.0
5,99,150,10.2
8,127,120,0.0
4,43,150,26.75
5,102,100,0.0
4,46,100,13.5
4,38,100,15.5
8,28,150,15.25
2,53,200,73.5
1,89,120,31.0
3,84,100,5.333333333333333
9,16,200,20.444444444444443
4,79,120,10.25
5,72,100,5.6
2,48,120,36.0
4,100,120,5.0
2,1,200,99.5
2,141,120,0.0
4,58,100,10.5
6,96,200,17.333333333333332
7,98,150,7.428571428571429
3,102,150,16.0
3,1,200,66.33333333333333
6,40,150,18.333333333333332
3,122,120,0.0
2,81,100,9.5
8,143,120,0.0
5,131,200,13.8
1,139,100,0.0
3,28,200,57.333333333333336
8,134,200,8.25
4,13,200,46.75
7,11,120,15.571428571428571
2,98,100,1.0
7,132,100,0.0
5,80,100,4.0
5,105,120,3.0
6,31,150,19.833333333333332
9,73,120,5.222222222222222
6,80,120,6.666666666666667
8,68,200,16.5
7,44,100,8.0
9,105,100,0.0
4,136,150,3.5
2,99,150,25.5
7,145,200,7.857142857142857
6,8,100,15.333333333333334
1,61,150,89.0
9,28,150,13.555555555555555
9,124,100,0.0
2,113,120,3.5
3,142,150,2.6666666666666665
5,133,100,0.0
5,119,150,6.2
1,78,200,122.0
8,92,150,7.25
8,3,100,12.125
4,81,150,17.25
7,74,200,18.0
3,13,200,62.333333333333336
6,130,150,3.3333333333333335
9,113,150,4.111111111111111
1,61,200,139.0
5,105,200,19.0
4,63,120,14.25
8,101,120,2.375
1,105,200,95.0
9,19,150,14.555555555555555
6,57,100,7.166666666666667
4,111,150,9.75
9,56,150,10.444444444444445
5,118,120,0.4
5,96,120,4.8
5,91,120,5.8
1,51,200,149.0
1,36,200,164.0
8,7,150,17.875
8,43,150,13.375
6,97,100,0.5
4,132,150,4.5
2,117,150,16.5
2,68,120,26.0
9,44,120,8.444444444444445
5,136,120,0.0
4,31,120,22.25
1,32,120,88.0
7,125,100,0.0
3,66,100,11.333333333333334
6,29,100,11.833333333333334
5,113,120,1.4
5,28,200,34.4
5,130,120,0.0
1,29,120,91.0
1,136,100,0.0
3,129,120,0.0
4,61,100,9.75
5,2,120,23.6
2,67,150,41.5
8,24,200,22.0
2,140,200,30.0
9,43,100,6.333333333333333
2,54,150,48.0
9,136,200,7.111111111111111
7,129,100,0.0
8,40,120,10.0
2,63,120,28.5
7,30,150,17.142857142857142
6,46,200,25.666666666666668
4,129,120,0.0
7,95,100,0.7142857142857143
4,76,120,11.0
2,109,120,5.5
7,68,200,18.857142857142858
8,57,200,17.875
2,105,100,0.0
5,43,150,21.4
1,73,150,77.0
7,55,120,9.285714285714286
8,126,100,0.0
6,29,150,20.166666666666668
5,70,150,16.0
6,117,120,0.5
2,54,100,23.0
1,66,150,84.0
7,140,200,8.571428571428571
7,2,200,28.285714285714285
2,25,120,47.5
2,56,120,32.0
1,125,120,0.0
8,52,120,8.5
8,42,150,13.5
1,48,100,52.0
8,41,120,9.875
9,10,120,12.222222222222221
4,102,150,12.0
1,97,120,23.0
1,145,120,0.0
3,84,100,5.333333333333333
5,99,200,20.2
5,103,120,3.4
9,45,150,11.666666666666666
2,43,100,28.5
2,21,150,64.5
6,113,100,0.0
9,124,100,0.0
1,123,120,0.0
9,29,120,10.11111111111111
9,7,120,12.555555555555555
9,97,200,11.444444444444445
5,56,200,28.8
9,110,150,4.444444444444445
4,72,120,12.0
2,114,200,43.0
6,19,120,16.833333333333332
4,24,200,44.0
6,18,200,30.333333333333332
3,4,100,32.0
6,74,120,7.666666666666667
2,127,120,0.0
2,71,200,64.5
9,39,120,9.0
7,25,200,25.0
3,26,120,31.333333333333332
1,82,100,18.0
8,127,120,0.0
6,32,100,11.333333333333334
7,96,150,7.714285714285714
9,110,120,1.1111111111111112
5,15,120,21.0
1,22,120,98.0
7,134,100,0.0
5,25,120,19.0
3,95,120,8.333333333333334
9,11,200,21.0
1,71,150,79.0
1,132,100,0.0
1,105,200,95.0
3,116,100,0.0
6,25,200,29.166666666666668
3,132,150,6.0
8,21,200,22.375
2,12,100,44.0
9,106,120,1.5555555555555556
3,22,120,32.666666666666664
5,96,150,10.8
8,17,100,10.375
2,116,100,0.0
6,29,100,11.833333333333334
5,25,150,25.0
9,143,120,0.0
5,38,200,32.4
2,129,150,10.5
5,112,200,17.6
4,133,120,0.0
7,45,150,15.0
6,49,120,11.833333333333334
2,105,200,47.5
5,145,100,0.0
7,71,100,4.142857142857143
7,73,200,18.142857142857142
5,16,100,16.8
9,69,200,14.555555555555555
4,149,150,0.25
3,5,150,48.333333333333336
4,25,150,31.25
5,139,100,0.0
6,98,120,3.6666666666666665
3,141,100,0.0
2,21,100,39.5
4,50,120,17.5
5,103,120,3.4
4,88,120,8.0
3,140,120,0.0
8,137,100,0.0
4,8,200,48.0
2,78,150,36.0
2,51,200,74.5
1,129,100,0.0
4,12,120,27.0
9,50,150,11.11111111111111
7,33,150,16.714285714285715
7,34,200,23.714285714285715
7,130,100,0.0
8,119,100,0.0
1,69,100,31.0
8,146,150,0.5
4,66,200,33.5
4,102,150,12.0
4,72,150,19.5
6,115,120,0.8333333333333334
7,132,200,9.714285714285714
6,66,120,9.0
1,138,100,0.0
8,120,150,3.75
7,93,200,15.285714285714286
6,128,100,0.0
6,90,200,18.333333333333332
5,91,150,11.8
6,62,200,23.0
9,28,100,8.0
9,11,120,12.11111111111111
8,76,150,9.25
9,40,120,8.88888888888889
8,129,150,2.625
8,36,100,8.0
1,23,150,127.0
5,98,120,4.4
4,149,150,0.25
2,99,100,0.5
8,138,150,1.5
3,57,120,21.0
4,28,100,18.0
7,142,120,0.0
9,59,150,10.11111111111111
2,94,200,53.0
3,41,120,26.333333333333332
4,42,150,27.0
1,73,200,127.0
7,63,200,19.571428571428573
2,1,100,49.5
5,65,200,27.0
1,30,120,90.0
3,114,120,2.0
2,25,200,87.5
1,28,150,122.0
7,77,120,6.142857142857143
5,24,120,19.2
1,47,100,53.0
6,64,150,14.333333333333334
5,66,200,26.8
3,89,150,20.333333333333332
7,145,100,0.0
9,136,100,0.0
9,37,150,12.555555555555555
9,86,100,1.5555555555555556
2,148,100,0.0
3,64,100,12.0
7,148,150,0.2857142857142857
5,26,100,14.8
2,105,200,47.5
3,122,200,26.0
6,43,120,12.833333333333334
7,99,200,14.428571428571429
9,27,120,10.333333333333334
1,16,150,134.0
7,126,100,0.0
8,122,200,9.75
3,130,120,0.0
4,75,150,18.75
6,45,120,12.5
7,68,100,4.571428571428571
4,136,200,16.0
8,84,150,8.25
5,10,120,22.0
1,68,150,82.0
4,98,120,5.5
3,90,120,10.0
9,93,100,0.7777777777777778
8,114,100,0.0
1,30,120,90.0
6,10,200,31.666666666666668
9,86,150,7.111111111111111
7,120,150,4.285714285714286
4,129,100,0.0
1,104,200,96.0
2,26,120,47.0
5,1,100,19.8
5,102,120,3.6
8,100,120,2.5
6,20,100,13.333333333333334
8,57,200,17.875
2,132,150,9.0
3,84,100,5.333333333333333
6,92,200,18.0
3,19,120,33.666666666666664
6,60,100,6.666666666666667
6,37,150,18.833333333333332
2,147,150,1.5
7,24,120,13.714285714285714
2,129,100,0.0
6,120,150,5.0
1,25,100,75.0
3,66,150,28.0
2,0,120,60.0
7,50,120,10.0
4,4,100,24.0
8,12,200,23.5
6,146,200,9.0
4,139,120,0.0
5,47,150,20.6
9,56,200,16.0
7,114,120,0.8571428571428571
9,34,150,12.88888888888889
7,75,150,10.714285714285714
1,93,200,107.0
8,4,120,14.5
4,21,150,32.25
3,102,150,16.0
7,130,100,0.0
3,123,100,0.0
8,52,200,18.5
6,68,100,5.333333333333333
5,103,120,3.4
4,15,200,46.25
8,115,200,10.625
8,75,100,3.125
1,108,150,42.0
9,38,120,9.11111111111111
5,88,120,6.4
4,111,120,2.25
6,46,200,25.666666666666668
6,136,120,0.0
2,127,150,11.5
8,76,150,9.25
7,14,100,12.285714285714286
1,35,120,85.0
5,62,200,27.6
6,68,100,5.333333333333333
4,73,150,19.25
2,23,120,48.5
4,48,150,25.5
1,145,100,0.0
7,6,150,20.571428571428573
2,3,120,58.5
2,89,120,15.5
9,59,100,4.555555555555555
5,54,120,13.2
2,15,150,67.5
9,28,150,13.555555555555555
9,13,200,20.77777777777778
1,78,200,122.0
3,32,200,56.0
4,20,150,32.5
7,144,150,0.8571428571428571
4,22,100,19.5
2,56,200,72.0
7,141,150,1.2857142857142858
6,92,100,1.3333333333333333
3,19,150,43.666666666666664
6,18,100,13.666666666666666
6,102,200,16.333333333333332
5,76,200,24.8
4,32,200,42.0
1,17,150,133.0
6,72,150,13.0
2,16,100,42.0
3,18,120,34.0
8,69,120,6.375
6,119,200,13.5
3,100,120,6.666666666666667
7,33,200,23.857142857142858
4,83,100,4.25
9,73,120,5.222222222222222
5,87,120,6.6
3,84,200,38.666666666666664
2,10,100,45.0
2,90,120,15.0
3,143,120,0.0
2,126,120,0.0
4,112,100,0.0
2,79,100,10.5
9,6,120,12.666666666666666
2,15,200,92.5
9,15,200,20.555555555555557
6,11,120,18.166666666666668
1,34,100,66.0
4,20,120,25.0
1,16,100,84.0
6,31,120,14.833333333333334
4,40,100,15.0
3,133,150,5.666666666666667
3,26,200,58.0
9,147,150,0.3333333333333333
6,65,200,22.5
9,136,100,0.0
5,91,150,11.8
2,60,200,70.0
8,2,120,14.75
5,102,100,0.0
2,54,100,23.0
4,0,120,30.0
9,100,120,2.2222222222222223
4,44,200,39.0
4,25,100,18.75
2,120,200,40.0
6,141,120,0.0
2,45,100,27.5
7,121,120,0.0
3,30,200,56.666666666666664
3,58,200,47.333333333333336
5,28,200,34.4
3,105,100,0.0
2,16,120,52.0
9,141,120,0.0
2,23,200,88.5
2,108,200,46.0
8,90,200,13.75
9,24,200,19.555555555555557
7,31,150,17.0
3,115,150,11.666666666666666
9,81,150,7.666666666666667
3,109,200,30.333333333333332
5,145,200,11.0
9,36,120,9.333333333333334
3,25,100,25.0
7,136,120,0.0
1,63,150,87.0
4,71,120,12.25
4,147,200,13.25
7,105,150,6.428571428571429
8,85,150,8.125
1,52,100,48.0
5,91,100,1.8
7,98,150,7.428571428571429
4,10,150,35.0
4,30,120,22.5
4,99,150,12.75
6,86,200,19.0
7,146,120,0.0
2,139,200,30.5
5,14,200,37.2
4,100,200,25.0
3,28,150,40.666666666666664
7,113,100,0.0
6,106,100,0.0
7,107,200,13.285714285714286
5,129,150,4.2
6,83,120,6.166666666666667
5,14,200,37.2
7,131,120,0.0
2,49,120,35.5
5,22,150,25.6
6,58,150,15.333333333333334
6,89,100,1.8333333333333333
5,114,100,0.0
7,74,150,10.857142857142858
8,122,200,9.75
7,135,100,0.0
5,138,120,0.0
1,17,200,183.0
5,49,120,14.2
2,141,150,4.5
5,117,120,0.6
5,136,200,12.8
2,138,150,6.0
5,107,200,18.6
4,66,120,13.5
1,77,200,123.0
3,74,150,25.333333333333332
1,38,120,82.0
5,24,120,19.2
4,20,100,20.0
7,137,100,0.0
5,14,200,37.2
4,47,100,13.25
2,85,100,7.5
4,148,100,0.0
2,115,100,0.0
8,49,150,12.625
3,140,150,3.3333333333333335
9,68,100,3.5555555555555554
4,3,200,49.25
6,77,150,12.166666666666666
5,8,100,18.4
1,120,150,30.0
9,114,120,0.6666666666666666
1,100,150,50.0
8,148,150,0.25
9,145,200,6.111111111111111
9,96,150,6.0
1,80,200,120.0
2,42,120,39.0
1,94,100,6.0
2,5,200,97.5
8,66,150,10.5
5,139,150,2.2
7,99,200,14.428571428571429
2,11,120,54.5
8,65,100,4.375
6,1,150,24.833333333333332
8,142,120,0.0
1,80,100,20.0
1,134,100,0.0
7,141,150,1.2857142857142858
8,69,200,16.375
3,114,150,12.0
5,87,150,12.6
1,5,150,145.0
7,26,120,13.428571428571429
5,81,200,23.8
8,87,120,4.125
8,119,150,3.875
9,23,200,19.666666666666668
7,101,100,0.0
1,33,200,167.0
3,46,150,34.666666666666664
8,23,200,22.125
3,64,100,12.0
8,17,100,10.375
1,43,200,157.0
5,75,100,5.0
4,56,120,16.0
5,106,200,18.8
8,123,100,0.0
4,138,100,0.0
4,115,200,21.25
3,92,120,9.333333333333334
7,41,200,22.714285714285715
3,27,100,24.333333333333332
3,122,200,26.0
5,23,100,15.4
5,135,150,3.0
6,105,200,15.833333333333334
8,117,200,10.375
6,52,100,8.0
1,131,100,0.0
8,99,100,0.125
8,4,100,12.0
9,48,200,16.88888888888889
9,97,100,0.3333333333333333
2,29,200,85.5
2,71,120,24.5
3,102,200,32.666666666666664
1,62,100,38.0
4,25,100,18.75
4,36,120,21.0
9,6,200,21.555555555555557
9,126,120,0.0
9,91,200,12.11111111111111
7,102,100,0.0
2,52,200,74.0
5,131,100,0.0
4,107,100,0.0
8,111,150,4.875
2,6,150,72.0
6,66,200,22.333333333333332
5,107,100,0.0
2,110,120,5.0
1,147,100,0.0
8,82,120,4.75
2,123,200,38.5
7,138,200,8.857142857142858
9,103,120,1.8888888888888888
9,66,120,6.0
8,6,100,11.75
9,109,200,10.11111111111111
2,33,100,33.5
6,105,120,2.5
4,146,150,1.0
4,57,150,23.25
5,8,150,28.4
3,47,120,24.333333333333332
1,114,100,0.0
8,40,200,20.0
5,47,120,14.6
3,24,150,42.0
7,115,100,0.0
7,77,200,17.571428571428573
1,107,200,93.0
9,24,120,10.666666666666666
2,146,120,0.0
5,38,200,32.4
5,118,200,16.4
8,78,150,9.0
8,79,200,15.125
7,26,120,13.428571428571429
7,103,100,0.0
6,73,150,12.833333333333334
6,67,150,13.833333333333334
9,146,200,6.0
6,27,100,12.166666666666666
2,122,150,14.0
2,137,120,0.0
5,82,200,23.6
4,29,120,22.75
2,21,200,89.5
3,2,150,49.333333333333336
7,100,200,14.285714285714286
8,104,100,0.0
6,1,120,19.833333333333332
5,53,100,9.4
1,5,120,115.0
8,106,120,1.75
3,122,200,26.0
6,1,150,24.833333333333332
3,110,150,13.333333333333334
7,1,100,14.142857142857142
7,92,200,15.428571428571429
9,100,150,5.555555555555555
5,96,120,4.8
8,110,120,1.25
8,5,200,24.375
1,126,100,0.0
5,103,200,19.4
3,146,100,0.0
1,0,200,200.0
4,32,120,22.0
8,39,200,20.125
3,31,150,39.666666666666664
2,16,150,67.0
9,125,200,8.333333333333334
5,7,100,18.6
7,56,100,6.285714285714286
2,41,120,39.5
9,97,120,2.5555555555555554
9,136,100,0.0
4,119,200,20.25
4,86,120,8.5
6,53,100,7.833333333333333
6,83,100,2.8333333333333335
1,24,200,176.0
9,66,150,9.333333333333334
2,45,100,27.5
5,21,120,19.8
9,138,200,6.888888888888889
4,7,200,48.25
3,38,200,54.0
7,48,150,14.571428571428571
6,45,150,17.5
8,37,120,10.375
3,135,120,0.0
5,53,200,29.4
4,91,120,7.25
4,39,100,15.25
4,33,150,29.25
8,95,200,13.125
6,78,200,20.333333333333332
3,126,100,0.0
5,16,100,16.8
6,109,100,0.0
5,51,100,9.8
6,117,200,13.833333333333334
8,8,150,17.75
7,32,150,16.857142857142858
5,112,100,0.0
6,148,120,0.0
4,84,200,29.0
9,9,150,15.666666666666666
4,5,100,23.75
1,114,120,6.0
7,120,120,0.0
7,140,100,0.0
4,64,200,34.0
3,19,150,43.666666666666664
8,56,120,8.0
5,45,150,21.0
7,135,150,2.142857142857143
4,9,120,27.75
4,112,100,0.0
8,138,120,0.0
8,11,120,13.625
2,137,200,31.5
2,10,150,70.0
3,117,100,0.0
3,38,150,37.333333333333336
1,52,120,68.0
3,55,100,15.0
6,103,100,0.0
8,128,100,0.0
6,55,100,7.5
5,117,200,16.6
4,131,100,0.0
3,29,120,30.333333333333332
4,11,200,47.25
7,34,120,12.285714285714286
1,76,120,44.0
7,101,150,7.0
1,86,100,14.0
2,51,100,24.5
4,79,120,10.25
1,134,100,0.0
9,21,200,19.88888888888889
6,74,150,12.666666666666666
1,57,100,43.0
1,92,100,8.0
6,102,200,16.333333333333332
4,139,150,2.75
4,6,200,48.5
6,127,120,0.0
7,54,120,9.428571428571429
9,105,100,0.0
5,61,150,17.8
9,89,120,3.4444444444444446
4,97,200,25.75
2,76,120,22.0
3,118,120,0.6666666666666666
1,35,200,165.0
6,88,100,2.0
6,144,150,1.0
1,129,100,0.0
3,140,200,20.0
5,92,120,5.6
3,113,150,12.333333333333334
3,27,100,24.333333333333332
3,142,200,19.333333333333332
5,32,120,17.6
5,19,120,20.2
4,139,100,0.0
1,100,200,100.0
5,22,120,19.6
5,111,120,1.8
4,13,150,34.25
6,90,120,5.0
4,76,100,6.0
7,84,200,16.571428571428573
7,108,200,13.142857142857142
2,30,150,60.0
3,121,200,26.333333333333332
1,106,100,0.0
8,53,120,8.375
9,132,150,2.0
4,140,200,15.0
6,42,150,18.0
9,88,150,6.888888888888889
6,114,200,14.333333333333334
9,98,150,5.777777777777778
4,46,200,38.5
8,70,100,3.75
9,66,200,14.88888888888889
4,61,120,14.75
5,108,200,18.4
8,36,120,10.5
6,118,150,5.333333333333333
7,85,200,16.428571428571427
3,125,120,0.0
7,135,200,9.285714285714286
8,51,200,18.625
6,90,200,18.333333333333332
9,32,100,7.555555555555555
6,80,120,6.666666666666667
9,41,100,6.555555555555555
4,111,100,0.0
8,125,120,0.0
4,135,200,16.25
2,105,100,0.0
9,124,100,0.0
5,112,100,0.0
4,63,200,34.25
2,122,100,0.0
1,113,150,37.0
7,19,120,14.428571428571429
6,15,150,22.5
2,144,200,28.0
8,18,100,10.25
4,119,120,0.25
8,135,100,0.0
7,37,200,23.285714285714285
5,92,120,5.6
8,104,150,5.75
9,99,120,2.3333333333333335
5,89,100,2.2
5,43,120,15.4
2,75,200,62.5
5,144,200,11.2
3,78,120,14.0
7,72,200,18.285714285714285
5,139,200,12.2
8,95,200,13.125
1,88,150,62.0
3,102,100,0.0
3,145,200,18.333333333333332
9,5,120,12.777777777777779
5,121,200,15.8
9,115,150,3.888888888888889
9,61,120,6.555555555555555
1,143,100,0.0
2,135,120,0.0
5,88,120,6.4
4,95,120,6.25
9,125,120,0.0
7,89,200,15.857142857142858
6,85,100,2.5
7,137,200,9.0
1,120,150,30.0
1,75,150,75.0
8,91,120,3.625
2,69,200,65.5
9,147,200,5.888888888888889
7,132,100,0.0
6,22,100,13.0
1,136,100,0.0
1,57,200,143.0
2,45,100,27.5
6,21,100,13.166666666666666
6,7,100,15.5
2,122,120,0.0
1,19,150,131.0
5,77,150,14.6
5,38,200,32.4
2,36,200,82.0
6,74,120,7.666666666666667
9,117,150,3.6666666666666665
2,103,100,0.0
2,30,100,35.0
3,122,200,26.0
7,53,150,13.857142857142858
6,33,200,27.833333333333332
8,121,200,9.875
8,112,100,0.0
6,61,100,6.5
3,22,150,42.666666666666664
3,45,200,51.666666666666664
1,55,120,65.0
7,134,150,2.2857142857142856
5,117,200,16.6
4,130,150,5.0
4,112,150,9.5
4,43,150,26.75
6,127,120,0.0
8,107,120,1.625
8,16,100,10.5
5,58,100,8.4
6,137,200,10.5
4,98,150,13.0
9,83,200,13.0
8,145,100,0.0
1,44,120,76.0
2,107,100,0.0
9,61,200,15.444444444444445
8,58,100,5.25
3,137,200,21.0
8,10,200,23.75
1,101,200,99.0
4,69,200,32.75
3,122,100,0.0
6,33,200,27.833333333333332
7,100,200,14.285714285714286
4,144,150,1.5
7,103,200,13.857142857142858
9,39,100,6.777777777777778
2,18,200,91.0
3,66,120,18.0
5,81,120,7.8
3,63,200,45.666666666666664
8,82,120,4.75
8,46,120,9.25
8,5,100,11.875
9,15,150,15.0
4,145,120,0.0
5,38,120,16.4
5,112,150,7.6
8,139,150,1.375
7,137,120,0.0
9,70,200,14.444444444444445
8,109,120,1.375
2,54,200,73.0
4,128,200,18.0
6,48,200,25.333333333333332
2,20,150,65.0
7,36,120,12.0
3,115,120,1.6666666666666667
3,23,100,25.666666666666668
2,54,150,48.0
8,24,100,9.5
6,134,100,0.0
1,126,200,74.0
1,92,150,58.0
7,93,100,1.0
8,70,120,6.25
5,121,100,0.0
5,23,150,25.4
4,10,120,27.5
6,72,120,8.0
6,11,120,18.166666666666668
3,34,200,55.333333333333336
9,140,120,0.0
7,22,200,25.428571428571427
1,82,200,118.0
7,87,100,1.8571428571428572
5,79,100,4.2
5,96,120,4.8
2,139,150,5.5
4,33,120,21.75
6,74,100,4.333333333333333
7,127,120,0.0
5,140,100,0.0
9,30,120,10.0
3,129,150,7.0
1,102,120,18.0
4,14,150,34.0
9,56,150,10.444444444444445
4,74,120,11.5
2,33,150,58.5
5,102,150,9.6
3,74,100,8.666666666666666
9,28,100,8.0
4,15,150,33.75
6,76,200,20.666666666666668
2,36,120,42.0
6,80,150,11.666666666666666
3,148,120,0.0
9,123,100,0.0
2,18,120,51.0
9,101,150,5.444444444444445
5,135,150,3.0
8,76,150,9.25
2,40,150,55.0
6,60,200,23.333333333333332
3,25,200,58.333333333333336
5,70,200,26.0
8,102,150,6.0
1,69,200,131.0
5,106,120,2.8
3,106,150,14.666666666666666
4,102,100,0.0
2,18,150,66.0
9,67,120,5.888888888888889
3,69,200,43.666666666666664
2,112,150,19.0
9,56,200,16.0
7,60,150,12.857142857142858
6,91,120,4.833333333333333
1,29,150,121.0
5,126,200,14.8
3,114,200,28.666666666666668
1,5,120,115.0
4,17,150,33.25
2,9,100,45.5
2,91,150,29.5
3,138,120,0.0
8,76,100,3.0
8,100,120,2.5
7,83,150,9.571428571428571
6,51,100,8.166666666666666
9,30,120,10.0
4,144,200,14.0
1,109,100,0.0
8,92,100,1.0
7,52,120,9.714285714285714
7,144,200,8.0
3,85,100,5.0
4,1,120,29.75
9,85,100,1.6666666666666667
6,132,100,0.0
5,3,100,19.4
3,5,200,65.0
9,148,150,0.2222222222222222
5,117,150,6.6
5,88,200,22.4
4,13,200,46.75
4,55,120,16.25
1,80,100,20.0
7,148,200,7.428571428571429
9,45,120,8.333333333333334
3,143,150,2.3333333333333335
2,15,150,67.5
3,119,150,10.333333333333334
1,83,150,67.0
6,7,120,18.833333333333332
7,87,100,1.8571428571428572
2,130,120,0.0
8,18,100,10.25
6,96,150,9.0
4,65,200,33.75
5,78,200,24.4
8,85,200,14.375
3,123,100,0.0
3,149,150,0.3333333333333333
4,45,120,18.75
1,112,200,88.0
9,90,100,1.1111111111111112
8,140,200,7.5
8,32,120,11.0
6,132,150,3.0
7,76,120,6.285714285714286
6,120,150,5.0
9,127,150,2.5555555555555554
3,77,150,24.333333333333332
3,66,200,44.666666666666664
3,114,120,2.0
3,62,200,46.0
9,112,120,0.8888888888888888
4,93,100,1.75
7,47,100,7.571428571428571
9,11,120,12.11111111111111
7,144,120,0.0
9,39,120,9.0
3,84,120,12.0
4,56,150,23.5
8,86,200,14.25
6,83,150,11.166666666666666
5,120,200,16.0
4,73,200,31.75
8,106,200,11.75
1,123,150,27.0
9,99,120,2.3333333333333335
1,42,150,108.0
8,118,150,4.0
4,22,200,44.5
9,36,100,7.111111111111111
5,133,100,0.0
3,64,150,28.666666666666668
9,133,200,7.444444444444445
9,21,150,14.333333333333334
4,104,150,11.5
4,87,120,8.25
8,124,200,9.5
2,78,100,11.0
9,89,100,1.2222222222222223
6,50,100,8.333333333333334
9,101,150,5.444444444444445
8,105,200,11.875
7,59,120,8.714285714285714
1,45,100,55.0
3,35,200,55.0
2,10,100,45.0
5,11,120,21.8
5,38,200,32.4
5,138,150,2.4
4,35,150,28.75
5,51,100,9.8
3,30,100,23.333333333333332
1,32,200,168.0
5,140,120,0.0
9,145,100,0.0
9,57,200,15.88888888888889
4,127,120,0.0
3,30,100,23.333333333333332
1,54,100,46.0
2,9,200,95.5
8,129,100,0.0
1,14,150,136.0
8,2,120,14.75
7,42,120,11.142857142857142
8,66,150,10.5
6,55,200,24.166666666666668
9,62,150,9.777777777777779
3,14,150,45.333333333333336
4,108,120,3.0
6,115,200,14.166666666666666
8,91,100,1.125
5,137,150,2.6
3,46,150,34.666666666666664
6,56,200,24.0
4,49,150,25.25
9,70,200,14.444444444444445
3,142,100,0.0
4,145,200,13.75
7,81,100,2.7142857142857144
7,115,200,12.142857142857142
4,104,150,11.5
6,87,100,2.1666666666666665
3,1,150,49.666666666666664
6,103,100,0.0
2,83,200,58.5
8,42,200,19.75
2,70,200,65.0
7,93,120,3.857142857142857
9,41,120,8.777777777777779
1,132,100,0.0
8,138,120,0.0
7,64,200,19.428571428571427
6,33,120,14.5
6,119,120,0.16666666666666666
6,0,150,25.0
9,129,100,0.0
2,147,100,0.0
1,60,100,40.0
6,148,120,0.0
8,87,200,14.125
3,67,150,27.666666666666668
1,126,100,0.0
9,139,120,0.0
1,21,200,179.0
3,147,150,1.0
8,81,150,8.625
3,128,100,0.0
4,29,100,17.75
8,125,200,9.375
1,96,120,24.0
6,23,200,29.5
1,13,100,87.0
1,35,200,165.0
8,23,120,12.125
4,94,150,14.0
1,54,150,96.0
7,23,150,18.142857142857142
5,25,150,25.0
5,79,100,4.2
1,64,100,36.0
6,74,120,7.666666666666667
9,42,120,8.666666666666666
9,28,120,10.222222222222221
8,80,120,5.0
5,53,200,29.4
1,38,120,82.0
9,41,150,12.11111111111111
1,28,150,122.0
8,130,150,2.5
5,137,200,12.6
3,141,120,0.0
7,41,150,15.571428571428571
7,93,150,8.142857142857142
9,31,150,13.222222222222221
7,25,150,17.857142857142858
3,114,100,0.0
1,128,120,0.0
8,55,120,8.125
3,121,200,26.333333333333332
8,105,100,0.0
8,129,200,8.875
5,80,150,14.0
1,119,200,81.0
7,51,150,14.142857142857142
5,90,150,12.0
8,136,120,0.0
9,21,120,11.0
7,33,120,12.428571428571429
7,109,120,1.5714285714285714
1,48,120,72.0
4,128,100,0.0
2,72,120,24.0
2,83,200,58.5
2,52,150,49.0
4,99,120,5.25
1,123,100,0.0
4,44,200,39.0
2,136,200,32.0
5,104,150,9.2
3,149,200,17.0
8,145,200,6.875
4,105,200,23.75
1,42,200,158.0
1,133,100,0.0
3,47,150,34.333333333333336
9,125,120,0.0
7,6,200,27.714285714285715
2,15,100,42.5
9,128,150,2.4444444444444446
2,114,120,3.0
3,36,150,38.0
2,124,100,0.0
3,80,100,6.666666666666667
6,61,100,6.5
9,71,200,14.333333333333334
9,124,100,0.0
7,65,120,7.857142857142857
3,29,200,57.0
4,19,150,32.75
6,81,120,6.5
5,106,200,18.8
2,131,100,0.0
6,36,150,19.0
3,131,100,0.0
8,76,120,5.5
2,88,120,16.0
1,145,200,55.0
9,87,120,3.6666666666666665
3,32,150,39.333333333333336
1,57,200,143.0
7,27,150,17.571428571428573
5,34,100,13.2
5,124,150,5.2
1,137,150,13.0
9,64,120,6.222222222222222
7,41,100,8.428571428571429
8,84,120,4.5
9,136,100,0.0
6,110,100,0.0
5,14,150,27.2
6,68,120,8.666666666666666
2,104,150,23.0
4,149,150,0.25
3,63,150,29.0
7,40,100,8.571428571428571
9,70,120,5.555555555555555
5,55,120,13.0
6,24,150,21.0
2,104,100,0.0
3,133,120,0.0
3,118,200,27.333333333333332
9,8,120,12.444444444444445
7,59,150,13.0
8,124,200,9.5
9,48,100,5.777777777777778
6,50,200,25.0
4,69,200,32.75
1,36,150,114.0
8,30,120,11.25
7,61,100,5.571428571428571
2,92,200,54.0
8,13,150,17.125
5,78,120,8.4
7,7,200,27.571428571428573
4,35,150,28.75
5,47,150,20.6
8,84,150,8.25
1,27,100,73.0
1,50,120,70.0
4,103,200,24.25
3,100,120,6.666666666666667
2,28,120,46.0
3,126,200,24.666666666666668
1,81,120,39.0
1,9,100,91.0
6,105,200,15.833333333333334
5,0,200,40.0
8,38,150,14.0
2,20,120,50.0
4,64,200,34.0
8,14,200,23.25
6,131,100,0.0
1,60,150,90.0
4,147,200,13.25
1,137,100,0.0
2,86,200,57.0
5,104,200,19.2
8,33,200,20.875
8,123,100,0.0
3,109,120,3.6666666666666665
4,32,200,42.0
6,97,200,17.166666666666668
3,60,120,20.0
2,9,200,95.5
6,83,150,11.166666666666666
5,64,200,27.2
5,76,150,14.8
5,0,120,24.0
5,132,100,0.0
3,79,120,13.666666666666666
7,14,200,26.571428571428573
6,27,150,20.5
4,22,100,19.5
2,108,200,46.0
9,106,100,0.0
1,144,100,0.0
4,112,200,22.0
1,97,120,23.0
6,140,200,10.0
4,141,200,14.75
5,138,120,0.0
5,27,150,24.6
9,41,200,17.666666666666668
1,98,100,2.0
2,60,200,70.0
6,122,200,13.0
5,63,100,7.4
7,30,120,12.857142857142858
3,80,150,23.333333333333332
3,9,150,47.0
2,7,100,46.5
3,148,120,0.0
1,58,200,142.0
5,29,200,34.2
5,144,200,11.2
7,19,200,25.857142857142858
4,47,200,38.25
3,129,100,0.0
1,36,200,164.0
8,128,200,9.0
3,131,120,0.0
2,99,200,50.5
4,53,150,24.25
3,121,100,0.0
1,24,100,76.0
3,130,100,0.0
2,8,150,71.0
8,33,200,20.875
6,42,100,9.666666666666666
9,73,150,8.555555555555555
8,93,120,3.375
3,21,200,59.666666666666664
5,69,150,16.2
7,129,200,10.142857142857142
5,93,120,5.4
8,31,150,14.875
5,105,200,19.0
1,143,150,7.0
5,0,100,20.0
4,71,200,32.25
6,49,150,16.833333333333332
3,140,100,0.0
5,14,120,21.2
2,52,200,74.0
6,7,200,32.166666666666664
6,73,120,7.833333333333333
5,45,100,11.0
6,68,120,8.666666666666666
7,113,200,12.428571428571429
5,146,150,0.8
1,122,100,0.0
8,138,100,0.0
4,116,100,0.0
9,42,120,8.666666666666666
6,19,120,16.833333333333332
1,147,150,3.0
3,20,150,43.333333333333336
3,81,100,6.333333333333333
4,56,150,23.5
6,73,120,7.833333333333333
7,97,150,7.571428571428571
4,109,120,2.75
6,114,150,6.0
1,41,200,159.0
8,67,120,6.625
7,69,200,18.714285714285715
9,77,120,4.777777777777778
3,89,150,20.333333333333332
2,110,200,45.0
1,111,150,39.0
3,102,120,6.0
5,144,200,11.2
2,18,100,41.0
3,69,150,27.0
4,62,120,14.5
7,74,200,18.0
3,103,150,15.666666666666666
9,74,200,14.0
8,127,150,2.875
4,55,150,23.75
1,21,150,129.0
1,88,200,112.0
1,18,200,182.0
1,25,150,125.0
8,22,100,9.75
3,46,100,18.0
6,12,100,14.666666666666666
3,65,120,18.333333333333332
5,143,100,0.0
7,72,200,18.285714285714285
2,76,100,12.0
6,30,200,28.333333333333332
6,84,120,6.0
3,58,200,47.333333333333336
6,40,200,26.666666666666668
5,111,200,17.8
2,95,100,2.5
9,121,150,3.2222222222222223
8,104,200,12.0
3,73,100,9.0
8,131,100,0.0
9,98,100,0.2222222222222222
3,125,150,8.333333333333334
3,137,150,4.333333333333333
2,74,150,38.0
8,13,150,17.125
1,37,120,83.0
8,139,150,1.375
7,44,150,15.142857142857142
7,144,150,0.8571428571428571
3,74,200,42.0
1,28,200,172.0
4,17,150,33.25
9,19,120,11.222222222222221
5,13,200,37.4
1,53,100,47.0
5,30,200,34.0
8,57,100,5.375
8,103,200,12.125
5,127,150,4.6
9,24,200,19.555555555555557
1,18,150,132.0
4,135,150,3.75
3,2,200,66.0
2,85,100,7.5
8,144,100,0.0
7,141,200,8.428571428571429
9,8,150,15.777777777777779
2,93,100,3.5
4,148,120,0.0
6,138,150,2.0
3,19,200,60.333333333333336
8,34,150,14.5
3,52,120,22.666666666666668
2,109,120,5.5
3,135,100,0.0
6,3,120,19.5
2,101,150,24.5
8,46,100,6.75
1,93,120,27.0
7,47,100,7.571428571428571
2,90,100,5.0
6,83,200,19.5
2,67,100,16.5
2,138,100,0.0
8,124,120,0.0
2,72,150,39.0
7,3,150,21.0
3,75,120,15.0
8,72,150,9.75
7,76,100,3.4285714285714284
8,47,200,19.125
7,101,100,0.0
6,105,100,0.0
7,76,200,17.714285714285715
5,38,120,16.4
7,57,100,6.142857142857143
1,18,100,82.0
1,87,120,33.0
9,112,100,0.0
5,76,100,4.8
5,76,150,14.8
3,27,120,31.0
5,65,100,7.0
3,9,100,30.333333333333332
9,125,200,8.333333333333334
9,57,200,15.88888888888889
6,141,200,9.833333333333334
1,124,100,0.0
7,111,100,0.0
7,83,200,16.714285714285715
4,142,150,2.0
8,95,150,6.875
6,32,150,19.666666666666668
4,144,150,1.5
4,140,120,0.0
2,46,200,77.0
2,111,100,0.0
4,143,200,14.25
5,42,150,21.6
8,7,100,11.625
6,2,120,19.666666666666668
4,124,200,19.0
7,11,100,12.714285714285714
8,83,100,2.125
2,15,150,67.5
7,77,150,10.428571428571429
2,58,200,71.0
2,62,120,29.0
8,48,100,6.5
2,50,150,50.0
9,32,200,18.666666666666668
1,29,150,121.0
9,75,200,13.88888888888889
1,14,150,136.0
2,81,120,19.5
6,91,100,1.5
6,22,150,21.333333333333332
1,93,100,7.0
7,44,200,22.285714285714285
8,61,120,7.375
2,14,100,43.0
8,45,150,13.125
9,63,100,4.111111111111111
6,74,100,4.333333333333333
5,51,200,29.8
9,87,120,3.6666666666666665
9,56,120,7.111111111111111
1,82,100,18.0
3,65,100,11.666666666666666
9,149,200,5.666666666666667
2,19,100,40.5
4,32,200,42.0
4,71,120,12.25
2,24,120,48.0
3,45,200,51.666666666666664
3,72,100,9.333333333333334
1,97,120,23.0
6,56,150,15.666666666666666
8,86,200,14.25
3,132,120,0.0
5,54,120,13.2
1,60,120,60.0
7,88,150,8.857142857142858
1,7,150,143.0
9,15,150,15.0
8,115,100,0.0
7,60,200,20.0
7,14,100,12.285714285714286
5,149,150,0.2
5,130,200,14.0
5,101,100,0.0
1,53,100,47.0
8,13,100,10.875
1,35,150,115.0
4,104,120,4.0
9,81,200,13.222222222222221
9,66,150,9.333333333333334
5,9,200,38.2
4,48,150,25.5
3,110,100,0.0
3,64,100,12.0
5,56,120,12.8
1,26,120,94.0
5,112,200,17.6
6,132,120,0.0
7,70,120,7.142857142857143
9,82,200,13.11111111111111
3,56,150,31.333333333333332
2,119,120,0.5
3,92,150,19.333333333333332
9,14,100,9.555555555555555
7,110,120,1.4285714285714286
9,100,100,0.0
2,118,100,0.0
5,75,150,15.0
4,19,200,45.25
2,130,120,0.0
9,72,150,8.666666666666666
9,121,200,8.777777777777779
6,40,100,10.0
6,129,120,0.0
8,22,100,9.75
6,22,100,13.0
1,143,120,0.0
4,8,200,48.0
7,12,200,26.857142857142858
2,50,120,35.0
9,63,120,6.333333333333333
8,51,150,12.375
8,37,150,14.125
7,99,100,0.14285714285714285
4,145,120,0.0
2,50,200,75.0
3,136,100,0.0
6,140,100,0.0
5,54,100,9.2
8,108,100,0.0
6,43,200,26.166666666666668
6,109,100,0.0
1,127,120,0.0
4,104,150,11.5
5,9,200,38.2
3,99,120,7.0
9,147,120,0.0
1,108,120,12.0
6,107,150,7.166666666666667
6,139,150,1.8333333333333333
5,145,150,1.0
5,93,120,5.4
5,62,150,17.6
6,83,100,2.8333333333333335
8,24,150,15.75
2,11,200,94.5
6,148,120,0.0
1,24,120,96.0
4,10,100,22.5
3,63,150,29.0
9,125,150,2.7777777777777777
3,49,200,50.333333333333336
6,88,100,2.0
1,98,200,102.0
6,115,200,14.166666666666666
4,95,120,6.25
8,13,120,13.375
9,0,150,16.666666666666668
4,24,150,31.5
6,71,200,21.5
1,68,150,82.0
4,132,200,17.0
7,104,150,6.571428571428571
1,146,150,4.0
8,22,120,12.25
6,8,120,18.666666666666668
5,117,120,0.6
9,93,120,3.0
2,143,100,0.0
5,32,120,17.6
6,129,100,0.0
7,13,120,15.285714285714286
5,0,150,30.0
9,89,200,12.333333333333334
1,88,150,62.0
7,143,150,1.0
7,89,100,1.5714285714285714
4,13,120,26.75
9,110,200,10.0
5,142,200,11.6
4,82,120,9.5
7,71,100,4.142857142857143
4,129,100,0.0
3,26,100,24.666666666666668
9,73,200,14.11111111111111
8,98,100,0.25
1,71,100,29.0
7,22,200,25.428571428571427
9,67,200,14.777777777777779
8,141,150,1.125
8,116,200,10.5
6,105,120,2.5
4,92,200,27.0
8,64,200,17.0
3,67,100,11.0
9,127,150,2.5555555555555554
2,62,100,19.0
2,112,150,19.0
7,89,100,1.5714285714285714
4,80,120,10.0
8,102,100,0.0
9,115,100,0.0
7,12,120,15.428571428571429
5,123,120,0.0
8,146,200,6.75
4,87,100,3.25
2,10,120,55.0
6,14,120,17.666666666666668
9,9,200,21.22222222222222
1,40,150,110.0
7,72,120,6.857142857142857
9,51,120,7.666666666666667
9,127,100,0.0
3,27,200,57.666666666666664
5,64,100,7.2
8,16,150,16.75
8,94,200,13.25
4,137,100,0.0
1,62,120,58.0
1,37,120,83.0
4,69,200,32.75
6,103,120,2.8333333333333335
8,52,100,6.0
6,118,200,13.666666666666666
9,73,120,5.222222222222222
9,53,120,7.444444444444445
2,19,150,65.5
1,78,150,72.0
2,30,200,85.0
5,134,150,3.2
4,57,100,10.75
4,104,120,4.0
9,9,120,12.333333333333334
8,9,120,13.875
6,38,200,27.0
1,36,200,164.0
2,118,150,16.0
6,66,120,9.0
2,42,120,39.0
5,51,120,13.8
5,100,120,4.0
6,55,120,10.833333333333334
6,75,100,4.166666666666667
6,67,120,8.833333333333334
2,136,100,0.0
3,105,120,5.0
6,124,200,12.666666666666666
8,91,200,13.625
1,22,100,78.0
1,108,120,12.0
2,60,200,70.0
6,43,200,26.166666666666668
9,15,120,11.666666666666666
4,21,120,24.75
3,56,200,48.0
8,61,120,7.375
9,106,150,4.888888888888889
5,70,120,10.0
9,89,200,12.333333333333334
2,71,200,64.5
3,69,100,10.333333333333334
7,29,150,17.285714285714285
7,102,200,14.0
6,31,150,19.833333333333332
6,85,120,5.833333333333333
2,56,200,72.0
6,108,100,0.0
4,8,200,48.0
3,30,100,23.333333333333332
2,70,150,40.0
1,136,100,0.0
5,12,120,21.6
2,130,120,0.0
2,34,120,43.0
7,20,200,25.714285714285715
8,63,120,7.125
8,94,120,3.25
4,33,200,41.75
1,120,150,30.0
7,14,120,15.142857142857142
1,119,120,1.0
4,95,200,26.25
8,5,150,18.125
2,108,150,21.0
6,96,150,9.0
6,31,200,28.166666666666668
9,82,100,2.0
5,117,100,0.0
4,78,120,10.5
5,77,120,8.6
5,146,120,0.0
8,106,100,0.0
8,125,200,9.375
2,14,120,53.0
7,133,200,9.571428571428571
8,72,120,6.0
6,100,200,16.666666666666668
5,97,200,20.6
9,25,100,8.333333333333334
3,91,200,36.333333333333336
4,124,150,6.5
9,72,100,3.111111111111111
6,122,120,0.0
8,52,100,6.0
7,77,150,10.428571428571429
2,91,150,29.5
3,87,200,37.666666666666664
1,12,150,138.0
9,42,150,12.0
7,75,150,10.714285714285714
1,50,150,100.0
3,18,120,34.0
4,148,120,0.0
4,121,100,0.0
5,23,200,35.4
3,25,120,31.666666666666668
3,119,150,10.333333333333334
1,81,200,119.0
7,99,120,3.0
1,16,100,84.0
2,67,150,41.5
4,43,200,39.25
4,60,120,15.0
5,122,200,15.6
2,92,120,14.0
4,73,100,6.75
1,66,150,84.0
2,110,100,0.0
1,1,150,149.0
4,88,150,15.5
4,25,200,43.75
7,98,120,3.142857142857143
9,26,100,8.222222222222221
9,88,100,1.3333333333333333
5,145,100,0.0
1,0,200,200.0
1,102,200,98.0
6,130,200,11.666666666666666
2,40,150,55.0
8,50,100,6.25
9,14,150,15.11111111111111
4,7,100,23.25
5,37,100,12.6
8,113,120,0.875
3,82,100,6.0
5,55,200,29.0
3,102,200,32.666666666666664
3,137,200,21.0
3,101,120,6.333333333333333
7,77,120,6.142857142857143
7,82,150,9.714285714285714
7,29,100,10.142857142857142
8,4,100,12.0
5,118,200,16.4
5,30,200,34.0
4,22,200,44.5
7,47,200,21.857142857142858
4,108,200,23.0
2,39,200,80.5
4,5,100,23.75
8,37,120,10.375
9,99,200,11.222222222222221
3,26,100,24.666666666666668
7,68,200,18.857142857142858
9,56,150,10.444444444444445
4,16,150,33.5
3,70,100,10.0
5,46,120,14.8
1,78,150,72.0
3,109,150,13.666666666666666
8,12,120,13.5
8,138,150,1.5
4,123,200,19.25
2,108,120,6.0
8,89,150,7.625
8,85,120,4.375
4,91,200,27.25
3,23,150,42.333333333333336
2,72,100,14.0
9,3,150,16.333333333333332
1,112,150,38.0
7,45,200,22.142857142857142
5,17,100,16.6
8,42,100,7.25
4,92,100,2.0
7,102,200,14.0
5,123,200,15.4
5,9,200,38.2
9,72,200,14.222222222222221
9,30,200,18.88888888888889
9,59,100,4.555555555555555
6,130,120,0.0
6,117,200,13.833333333333334
5,13,120,21.4
9,142,150,0.8888888888888888
8,1,150,18.625
7,23,200,25.285714285714285
7,63,150,12.428571428571429
6,99,120,3.5
5,113,150,7.4
4,23,150,31.75
3,90,120,10.0
3,25,150,41.666666666666664
6,64,200,22.666666666666668
4,119,120,0.25
6,3,120,19.5
3,0,100,33.333333333333336
4,49,100,12.75
9,109,120,1.2222222222222223
5,138,120,0.0
7,73,100,3.857142857142857
2,61,200,69.5
5,80,150,14.0
9,55,150,10.555555555555555
3,110,150,13.333333333333334
9,20,120,11.11111111111111
6,140,200,10.0
4,8,100,23.0
7,138,200,8.857142857142858
8,69,200,16.375
6,128,150,3.6666666666666665
5,117,100,0.0
6,55,200,24.166666666666668
5,30,100,14.0
8,36,120,10.5
1,90,150,60.0
7,113,100,0.0
2,127,120,0.0
9,121,120,0.0
1,68,120,52.0
6,35,200,27.5
9,31,200,18.77777777777778
1,63,150,87.0
4,47,150,25.75
4,80,120,10.0
9,148,150,0.2222222222222222
5,59,200,28.2
5,140,150,2.0
6,0,100,16.666666666666668
1,64,200,136.0
1,32,120,88.0
9,37,120,9.222222222222221
3,24,150,42.0
4,58,200,35.5
1,100,120,20.0
9,126,120,0.0
8,40,200,20.0
2,56,200,72.0
8,47,120,9.125
7,71,150,11.285714285714286
6,55,150,15.833333333333334
1,64,150,86.0
7,11,100,12.714285714285714
7,68,200,18.857142857142858
9,133,120,0.0
1,88,100,12.0
2,24,150,63.0
9,0,100,11.11111111111111
9,130,120,0.0
6,48,120,12.0
6,146,200,9.0
4,59,150,22.75
4,1,150,37.25
5,72,100,5.6
3,144,150,2.0
1,109,100,0.0
1,60,120,60.0
7,16,120,14.857142857142858
1,48,120,72.0
1,75,120,45.0
3,147,120,0.0
4,130,100,0.0
4,42,120,19.5
2,56,100,22.0
1,49,120,71.0
3,36,100,21.333333333333332
4,45,100,13.75
3,14,100,28.666666666666668
8,79,150,8.875
1,138,100,0.0
2,147,100,0.0
7,23,120,13.857142857142858
4,124,100,0.0
8,117,100,0.0
3,79,200,40.333333333333336
6,93,150,9.5
9,64,200,15.11111111111111
1,87,120,33.0
1,87,150,63.0
8,144,150,0.75
3,125,200,25.0
5,88,150,12.4
1,60,200,140.0
5,14,100,17.2
6,93,200,17.833333333333332
8,50,150,12.5
3,26,150,41.333333333333336
3,73,120,15.666666666666666
9,60,120,6.666666666666667
4,30,120,22.5
4,11,120,27.25
7,45,150,15.0
2,31,120,44.5
8,60,200,17.5
6,45,100,9.166666666666666
3,84,150,22.0
9,79,120,4.555555555555555
5,134,150,3.2
8,3,120,14.625
7,51,150,14.142857142857142
8,111,120,1.125
7,35,100,9.285714285714286
3,53,120,22.333333333333332
2,118,200,41.0
7,126,150,3.4285714285714284
3,16,150,44.666666666666664
3,74,200,42.0
2,104,200,48.0
4,149,100,0.0
8,116,150,4.25
1,42,100,58.0
1,111,150,39.0
5,114,150,7.2
5,26,100,14.8
1,36,150,114.0
6,45,150,17.5
1,112,100,0.0
5,34,120,17.2
9,131,100,0.0
5,79,150,14.2
6,79,200,20.166666666666668
8,120,120,0.0
1,146,200,54.0
2,121,120,0.0
9,80,200,13.333333333333334
3,149,120,0.0
6,118,100,0.0
5,57,120,12.6
2,62,120,29.0
7,99,120,3.0
4,65,150,21.25
1,144,200,56.0
4,84,100,4.0
6,136,200,10.666666666666666
7,143,200,8.142857142857142
7,122,100,0.0
7,1,150,21.285714285714285
3,105,120,5.0
6,107,150,7.166666666666667
8,71,150,9.875
4,125,120,0.0
8,56,200,18.0
2,80,120,20.0
9,140,100,0.0
9,18,120,11.333333333333334
8,6,200,24.25
1,136,150,14.0
2,53,150,48.5
6,103,120,2.8333333333333335
5,85,100,3.0
9,81,200,13.222222222222221
5,60,150,18.0
2,86,120,17.0
4,1,100,24.75
9,30,100,7.777777777777778
1,32,150,118.0
1,79,150,71.0
7,10,200,27.142857142857142
3,127,100,0.0
2,134,200,33.0
9,127,100,0.0
3,30,100,23.333333333333332
2,125,120,0.0
8,46,150,13.0
6,106,100,0.0
6,18,200,30.333333333333332
7,80,150,10.0
7,122,200,11.142857142857142
6,133,150,2.8333333333333335
4,106,150,11.0
9,48,100,5.777777777777778
6,72,120,8.0
4,49,100,12.75
3,80,150,23.333333333333332
4,94,100,1.5
3,11,100,29.666666666666668
2,22,150,64.0
5,53,150,19.4
2,117,100,0.0
6,58,100,7.0
3,2,100,32.666666666666664
6,57,200,23.833333333333332
9,56,100,4.888888888888889
1,144,200,56.0
6,89,120,5.166666666666667
9,54,200,16.22222222222222
4,44,100,14.0
2,0,120,60.0
4,20,200,45.0
1,20,200,180.0
3,51,150,33.0
9,81,120,4.333333333333333
5,66,150,16.8
6,112,120,1.3333333333333333
3,43,200,52.333333333333336
5,9,150,28.2
8,63,100,4.625
6,68,200,22.0
4,67,120,13.25
2,27,120,46.5
9,115,150,3.888888888888889
1,50,150,100.0
1,3,120,117.0
4,78,200,30.5
7,16,150,19.142857142857142
1,107,100,0.0
9,73,120,5.222222222222222
4,22,100,19.5
3,17,120,34.333333333333336
1,128,100,0.0
4,34,200,41.5
9,63,120,6.333333333333333
6,58,200,23.666666666666668
6,0,150,25.0
1,130,120,0.0
2,66,200,67.0
6,36,100,10.666666666666666
2,28,200,86.0
3,88,120,10.666666666666666
4,99,200,25.25
5,121,100,0.0
9,89,100,1.2222222222222223
4,131,100,0.0
9,13,150,15.222222222222221
3,149,120,0.0
8,130,100,0.0
1,84,150,66.0
9,20,100,8.88888888888889
9,25,200,19.444444444444443
2,40,120,40.0
4,121,200,19.75
8,37,150,14.125
7,87,200,16.142857142857142
1,10,200,190.0
5,28,100,14.4
7,59,200,20.142857142857142
4,60,100,10.0
1,146,100,0.0
9,21,120,11.0
5,77,150,14.6
2,112,150,19.0
8,122,150,3.5
2,141,100,0.0
3,43,150,35.666666666666664
1,143,100,0.0
2,96,120,12.0
7,76,150,10.571428571428571
2,139,100,0.0
6,54,150,16.0
3,50,150,33.333333333333336
4,101,120,4.75
8,28,200,21.5
3,68,150,27.333333333333332
6,79,120,6.833333333333333
1,30,150,120.0
7,111,150,5.571428571428571
8,45,150,13.125
8,96,150,6.75
3,51,200,49.666666666666664
1,137,200,63.0
9,73,150,8.555555555555555
6,40,150,18.333333333333332
9,76,120,4.888888888888889
7,130,120,0.0
1,113,100,0.0
1,51,200,149.0
6,86,150,10.666666666666666
5,108,200,18.4
9,140,120,0.0
2,68,200,66.0
8,119,200,10.125
5,66,150,16.8
2,60,150,45.0
6,70,120,8.333333333333334
8,29,150,15.125
4,145,120,0.0
2,95,120,12.5
5,55,100,9.0
2,52,100,24.0
2,6,100,47.0
6,96,200,17.333333333333332
9,112,100,0.0
4,124,150,6.5
6,131,150,3.1666666666666665
7,120,100,0.0
6,37,200,27.166666666666668
8,121,120,0.0
4,25,200,43.75
1,128,200,72.0
7,3,120,16.714285714285715
3,38,120,27.333333333333332
6,53,120,11.166666666666666
2,32,150,59.0
9,19,120,11.222222222222221
1,15,120,105.0
6,148,200,8.666666666666666
6,126,200,12.333333333333334
5,86,100,2.8
5,81,200,23.8
1,61,120,59.0
5,30,150,24.0
2,41,200,79.5
7,11,200,27.0
3,64,120,18.666666666666668
4,72,200,32.0
3,130,200,23.333333333333332
3,114,120,2.0
4,136,200,16.0
5,105,150,9.0
1,15,100,85.0
4,77,200,30.75
8,124,150,3.25
7,130,200,10.0
9,140,100,0.0
5,129,120,0.0
4,111,100,0.0
8,126,200,9.25
9,20,100,8.88888888888889
7,146,100,0.0
7,88,120,4.571428571428571
5,46,200,30.8
4,149,100,0.0
1,84,100,16.0
7,127,120,0.0
1,71,150,79.0
1,41,200,159.0
5,8,150,28.4
9,24,150,14.0
6,1,120,19.833333333333332
3,18,120,34.0
3,19,200,60.333333333333336
7,69,150,11.571428571428571
6,16,100,14.0
9,123,150,3.0
6,88,120,5.333333333333333
5,93,100,1.4
7,83,100,2.4285714285714284
1,130,120,0.0
7,86,100,2.0
3,50,150,33.333333333333336
9,81,120,4.333333333333333
6,7,200,32.166666666666664
9,120,120,0.0
5,3,200,39.4
7,85,200,16.428571428571427
4,127,120,0.0
7,109,120,1.5714285714285714
1,98,200,102.0
7,36,200,23.428571428571427
8,70,100,3.75
5,32,120,17.6
2,30,120,45.0
5,124,100,0.0
6,11,120,18.166666666666668
2,10,100,45.0
6,87,100,2.1666666666666665
6,71,120,8.166666666666666
1,31,150,119.0
1,56,200,144.0
3,85,120,11.666666666666666
3,18,150,44.0
4,115,100,0.0
2,13,150,68.5
9,32,120,9.777777777777779
7,9,120,15.857142857142858
7,79,150,10.142857142857142
6,63,120,9.5
3,67,200,44.333333333333336
6,91,150,9.833333333333334
8,124,100,0.0
8,79,150,8.875
9,58,150,10.222222222222221
1,96,150,54.0
1,18,150,132.0
3,148,100,0.0
3,21,100,26.333333333333332
8,8,100,11.5
1,8,150,142.0
2,26,200,87.0
2,16,200,92.0
3,44,100,18.666666666666668
6,7,200,32.166666666666664
1,145,200,55.0
2,124,200,38.0
1,122,200,78.0
5,32,200,33.6
7,0,120,17.142857142857142
8,5,100,11.875
1,40,150,110.0
7,4,200,28.0
5,79,120,8.2
1,17,150,133.0
3,81,120,13.0
7,64,200,19.428571428571427
1,82,200,118.0
7,135,200,9.285714285714286
5,130,200,14.0
1,24,150,126.0
1,68,150,82.0
1,81,120,39.0
9,116,100,0.0
3,94,200,35.333333333333336
5,32,120,17.6
9,110,120,1.1111111111111112
6,145,120,0.0
9,124,200,8.444444444444445
8,15,200,23.125
8,79,120,5.125
1,37,200,163.0
9,134,120,0.0
6,77,150,12.166666666666666
9,62,200,15.333333333333334
3,111,150,13.0
3,88,100,4.0
6,37,200,27.166666666666668
9,149,100,0.0
7,143,120,0.0
3,51,200,49.666666666666664
3,28,200,57.333333333333336
2,143,200,28.5
9,75,100,2.7777777777777777
3,144,100,0.0
5,63,120,11.4
9,90,150,6.666666666666667
8,88,150,7.75
2,12,100,44.0
3,71,200,43.0
2,4,150,73.0
8,11,150,17.375
6,2,100,16.333333333333332
6,32,120,14.666666666666666
9,120,100,0.0
8,49,100,6.375
4,136,200,16.0
4,28,100,18.0
9,38,200,18.0
1,90,120,30.0
2,99,200,50.5
2,16,120,52.0
6,55,120,10.833333333333334
4,45,120,18.75
3,66,100,11.333333333333334
3,141,200,19.666666666666668
3,66,150,28.0
6,22,100,13.0
8,93,120,3.375
7,53,150,13.857142857142858
4,137,100,0.0
4,76,150,18.5
2,15,120,52.5
1,40,150,110.0
9,97,150,5.888888888888889
2,127,120,0.0
8,60,150,11.25
9,85,100,1.6666666666666667
4,117,150,8.25
8,99,200,12.625
9,48,100,5.777777777777778
5,1,150,29.8
7,119,200,11.571428571428571
4,122,200,19.5
1,85,200,115.0
3,76,150,24.666666666666668
5,135,120,0.0
3,58,200,47.333333333333336
7,11,120,15.571428571428571
9,3,100,10.777777777777779
6,116,120,0.6666666666666666
1,94,120,26.0
7,124,120,0.0
3,40,120,26.666666666666668
5,122,120,0.0
4,6,100,23.5
5,68,100,6.4
5,68,120,10.4
6,80,120,6.666666666666667
6,29,200,28.5
8,72,100,3.5
8,5,150,18.125
9,88,100,1.3333333333333333
8,146,150,0.5
2,65,200,67.5
1,9,120,111.0
2,143,200,28.5
2,36,120,42.0
3,76,100,8.0
7,76,120,6.285714285714286
2,31,150,59.5
1,46,150,104.0
6,109,200,15.166666666666666
9,119,100,0.0
3,9,150,47.0
6,96,200,17.333333333333332
3,4,100,32.0
1,76,100,24.0
5,0,200,40.0
4,130,150,5.0
7,66,150,12.0
6,14,200,31.0
7,92,150,8.285714285714286
5,29,200,34.2
4,102,150,12.0
7,81,150,9.857142857142858
7,74,200,18.0
6,59,200,23.5
8,39,150,13.875
4,73,200,31.75
5,120,150,6.0
4,146,120,0.0
1,2,100,98.0
8,35,100,8.125
1,42,150,108.0
5,142,100,0.0
6,114,150,6.0
6,108,200,15.333333333333334
5,89,120,6.2
3,83,100,5.666666666666667
5,76,100,4.8
8,4,200,24.5
2,77,120,21.5
6,90,120,5.0
9,86,120,3.7777777777777777
8,13,200,23.375
8,103,100,0.0
8,82,100,2.25
7,53,120,9.571428571428571
8,131,200,8.625
6,94,200,17.666666666666668
2,8,200,96.0
2,52,120,34.0
8,76,200,15.5
1,59,120,61.0
6,45,120,12.5
6,53,120,11.166666666666666
4,73,150,19.25
3,111,120,3.0
3,94,200,35.333333333333336
1,22,150,128.0
3,26,100,24.666666666666668
4,69,100,7.75
5,108,200,18.4
3,76,200,41.333333333333336
6,49,200,25.166666666666668
5,123,200,15.4
3,18,150,44.0
6,0,200,33.333333333333336
6,39,120,13.5
8,21,100,9.875
2,111,200,44.5
1,39,120,81.0
4,37,200,40.75
7,47,120,10.428571428571429
3,74,150,25.333333333333332
3,106,100,0.0
5,7,100,18.6
5,85,150,13.0
3,67,120,17.666666666666668
9,74,200,14.0
4,136,120,0.0
3,89,100,3.6666666666666665
2,129,150,10.5
9,79,150,7.888888888888889
4,94,120,6.5
3,69,120,17.0
7,89,150,8.714285714285714
8,58,100,5.25
2,146,200,27.0
7,27,200,24.714285714285715
5,71,120,9.8
5,13,150,27.4
3,23,150,42.333333333333336
5,111,150,7.8
2,43,100,28.5
4,55,120,16.25
6,119,120,0.16666666666666666
1,31,120,89.0
4,24,100,19.0
6,115,120,0.8333333333333334
9,65,200,15.0
2,41,120,39.5
7,75,120,6.428571428571429
6,136,120,0.0
2,37,100,31.5
8,60,200,17.5
7,88,200,16.0
5,17,150,26.6
5,69,150,16.2
7,81,200,17.0
9,115,120,0.5555555555555556
9,79,120,4.555555555555555
9,14,120,11.777777777777779
6,12,100,14.666666666666666
6,118,120,0.3333333333333333
3,42,100,19.333333333333332
1,56,200,144.0
7,16,120,14.857142857142858
4,31,120,22.25
1,149,150,1.0
8,54,200,18.25
6,12,120,18.0
6,46,100,9.0
2,86,200,57.0
1,61,150,89.0
2,28,200,86.0
4,21,100,19.75
2,64,150,43.0
1,28,100,72.0
7,47,200,21.857142857142858
8,4,150,18.25
6,100,100,0.0
4,70,200,32.5
6,140,100,0.0
3,137,120,0.0
8,65,200,16.875
2,71,150,39.5
5,24,150,25.2
1,59,120,61.0
6,39,100,10.166666666666666
2,6,100,47.0
4,45,150,26.25
6,85,100,2.5
8,140,200,7.5
8,20,200,22.5
6,0,150,25.0
4,122,200,19.5
8,146,150,0.5
8,124,100,0.0
1,32,100,68.0
4,3,100,24.25
4,2,120,29.5
7,90,150,8.571428571428571
7,51,200,21.285714285714285
8,27,100,9.125
5,69,120,10.2
7,56,200,20.571428571428573
8,107,200,11.625
9,143,200,6.333333333333333
3,23,100,25.666666666666668
3,76,200,41.333333333333336
4,75,150,18.75
5,68,120,10.4
1,100,200,100.0
7,91,200,15.571428571428571
9,91,150,6.555555555555555
8,29,200,21.375
5,17,100,16.6
4,43,100,14.25
7,98,100,0.2857142857142857
5,120,200,16.0
7,114,120,0.8571428571428571
1,59,120,61.0
1,145,200,55.0
3,55,120,21.666666666666668
2,30,120,45.0
2,100,200,50.0
7,58,100,6.0
2,123,200,38.5
4,129,100,0.0
2,96,100,2.0
6,106,120,2.3333333333333335
8,17,120,12.875
4,144,100,0.0
5,70,100,6.0
4,105,120,3.75
3,53,150,32.333333333333336
5,93,100,1.4
9,75,100,2.7777777777777777
8,34,100,8.25
8,10,120,13.75
8,60,200,17.5
8,43,100,7.125
7,120,100,0.0
8,67,100,4.125
8,24,200,22.0
8,83,200,14.625
7,113,100,0.0
1,131,100,0.0
4,0,150,37.5
4,130,200,17.5
5,85,150,13.0
6,61,100,6.5
4,63,100,9.25
2,144,100,0.0
6,125,100,0.0
8,104,120,2.0
8,61,120,7.375
7,34,120,12.285714285714286
6,12,150,23.0
2,42,200,79.0
7,129,100,0.0
5,110,200,18.0
6,127,120,0.0
8,50,100,6.25
8,143,100,0.0
3,145,150,1.6666666666666667
7,134,200,9.428571428571429
1,44,150,106.0
1,41,120,79.0
7,134,200,9.428571428571429
9,14,120,11.777777777777779
7,59,150,13.0
5,39,150,22.2
8,111,100,0.0
2,76,200,62.0
9,104,200,10.666666666666666
6,106,100,0.0
9,121,200,8.777777777777779
2,79,120,20.5
3,124,120,0.0
8,133,150,2.125
1,31,120,89.0
7,107,200,13.285714285714286
7,113,100,0.0
1,145,150,5.0
9,67,100,3.6666666666666665
8,126,150,3.0
4,134,150,4.0
5,113,100,0.0
2,7,120,56.5
9,63,120,6.333333333333333
6,134,120,0.0
3,40,120,26.666666666666668
7,39,100,8.714285714285714
9,2,200,22.0
3,144,150,2.0
2,109,100,0.0
7,113,120,1.0
7,111,120,1.2857142857142858
4,149,100,0.0
9,3,150,16.333333333333332
8,133,100,0.0
1,25,100,75.0
1,138,200,62.0
5,16,100,16.8
6,91,200,18.166666666666668
3,30,150,40.0
9,143,100,0.0
6,106,100,0.0
4,145,120,0.0
7,110,100,0.0
8,100,120,2.5
9,111,120,1.0
6,61,120,9.833333333333334
6,111,150,6.5
8,115,200,10.625
5,34,120,17.2
3,27,100,24.333333333333332
3,102,100,0.0
6,124,120,0.0
2,101,120,9.5
6,136,100,0.0
6,142,120,0.0
8,20,200,22.5
7,51,200,21.285714285714285
8,96,150,6.75
9,50,120,7.777777777777778
6,82,150,11.333333333333334
3,54,150,32.0
3,76,150,24.666666666666668
1,126,120,0.0
5,92,150,11.6
4,87,200,28.25
9,79,150,7.888888888888889
9,91,200,12.11111111111111
5,46,200,30.8
4,37,120,20.75
7,138,150,1.7142857142857142
6,14,120,17.666666666666668
4,0,200,50.0
2,134,100,0.0
1,0,150,150.0
4,48,120,18.0
4,95,100,1.25
1,25,150,125.0
6,86,150,10.666666666666666
4,92,120,7.0
1,101,100,0.0
1,70,120,50.0
1,139,150,11.0
8,94,150,7.0
8,117,200,10.375
2,147,150,1.5
7,118,150,4.571428571428571
8,50,100,6.25
8,80,100,2.5
7,35,200,23.571428571428573
5,66,200,26.8
1,128,200,72.0
9,113,120,0.7777777777777778
7,110,120,1.4285714285714286
2,141,200,29.5
6,99,120,3.5
2,108,150,21.0
1,119,200,81.0
7,78,200,17.428571428571427
2,133,120,0.0
2,18,100,41.0
5,126,200,14.8
5,28,120,18.4
7,23,120,13.857142857142858
1,9,100,91.0
8,104,200,12.0
3,144,100,0.0
4,54,150,24.0
9,146,100,0.0
4,1,100,24.75
5,146,120,0.0
7,134,100,0.0
4,110,150,10.0
1,37,120,83.0
9,130,150,2.2222222222222223
4,101,100,0.0
9,94,150,6.222222222222222
6,91,150,9.833333333333334
1,70,100,30.0
3,23,100,25.666666666666668
2,67,120,26.5
9,127,120,0.0
1,92,200,108.0
9,43,120,8.555555555555555
9,132,100,0.0
8,54,150,12.0
8,28,150,15.25
1,36,120,84.0
8,114,120,0.75
3,2,100,32.666666666666664
7,121,150,4.142857142857143
1,42,200,158.0
1,6,200,194.0
5,124,120,0.0
5,48,200,30.4
8,120,100,0.0
7,72,200,18.285714285714285
8,40,120,10.0
6,105,100,0.0
6,76,150,12.333333333333334
2,126,100,0.0
6,90,120,5.0
5,7,120,22.6
3,31,200,56.333333333333336
6,63,200,22.833333333333332
8,137,150,1.625
9,12,150,15.333333333333334
1,92,120,28.0
3,60,120,20.0
3,7,120,37.666666666666664
8,28,150,15.25
1,94,120,26.0
5,40,150,22.0
3,148,120,0.0
2,10,100,45.0
8,1,100,12.375
3,130,120,0.0
7,79,100,3.0
1,86,150,64.0
6,105,200,15.833333333333334
3,138,100,0.0
8,16,200,23.0
6,22,100,13.0
2,47,150,51.5
6,19,100,13.5
7,1,100,14.142857142857142
5,87,120,6.6
3,30,200,56.666666666666664
4,129,200,17.75
4,77,150,18.25
6,3,150,24.5
1,140,200,60.0
4,127,120,0.0
4,133,120,0.0
1,30,200,170.0
9,137,100,0.0
4,20,200,45.0
7,22,100,11.142857142857142
3,130,200,23.333333333333332
3,147,100,0.0
8,28,120,11.5
8,104,200,12.0
1,51,150,99.0
2,114,100,0.0
8,100,120,2.5
1,83,150,67.0
8,60,120,7.5
8,124,100,0.0
2,70,200,65.0
4,69,120,12.75
6,138,200,10.333333333333334
9,107,200,10.333333333333334
8,20,120,12.5
8,130,120,0.0
7,81,120,5.571428571428571
9,87,200,12.555555555555555
2,110,150,20.0
3,9,100,30.333333333333332
8,11,150,17.375
6,6,200,32.333333333333336
9,144,120,0.0
4,113,120,1.75
8,25,100,9.375
3,14,100,28.666666666666668
3,32,150,39.333333333333336
8,61,150,11.125
5,46,100,10.8
3,94,200,35.333333333333336
1,34,150,116.0
3,75,120,15.0
9,122,120,0.0
5,82,200,23.6
2,24,100,38.0
7,56,150,13.428571428571429
2,31,120,44.5
4,62,100,9.5
7,11,150,19.857142857142858
4,62,200,34.5
7,76,120,6.285714285714286
7,91,200,15.571428571428571
1,0,200,200.0
6,69,200,21.833333333333332
9,135,150,1.6666666666666667
2,132,200,34.0
3,85,150,21.666666666666668
5,38,150,22.4
9,22,200,19.77777777777778
4,67,200,33.25
1,3,100,97.0
4,125,120,0.0
6,20,100,13.333333333333334
5,104,120,3.2
1,65,120,55.0
4,6,100,23.5
6,48,100,8.666666666666666
4,15,120,26.25
9,144,120,0.0
5,83,120,7.4
8,86,150,8.0
9,97,120,2.5555555555555554
5,74,200,25.2
6,33,200,27.833333333333332
1,25,200,175.0
7,65,100,5.0
4,124,100,0.0
2,62,100,19.0
5,86,120,6.8
3,40,200,53.333333333333336
6,97,120,3.8333333333333335
8,123,150,3.375
7,78,150,10.285714285714286
3,9,100,30.333333333333332
8,14,150,17.0
2,41,200,79.5
9,92,150,6.444444444444445
4,16,100,21.0
1,8,120,112.0
8,113,150,4.625
7,35,200,23.571428571428573
5,35,200,33.0
5,47,200,30.6
7,50,120,10.0
5,96,200,20.8
8,118,100,0.0
6,94,100,1.0
5,69,200,26.2
9,73,150,8.555555555555555
2,79,200,60.5
1,67,100,33.0
8,149,100,0.0
3,76,100,8.0
7,115,150,5.0
8,5,150,18.125
6,74,150,12.666666666666666
9,87,100,1.4444444444444444
7,2,120,16.857142857142858
5,51,200,29.8
8,73,200,15.875
2,124,100,0.0
7,64,150,12.285714285714286
4,51,120,17.25
9,75,120,5.0
1,141,150,9.0
7,88,200,16.0
6,71,200,21.5
8,67,120,6.625
5,137,120,0.0
1,114,150,36.0
1,56,200,144.0
9,65,120,6.111111111111111
6,89,200,18.5
5,49,120,14.2
1,13,150,137.0
6,15,200,30.833333333333332
6,41,120,13.166666666666666
3,109,120,3.6666666666666665
8,21,120,12.375
1,67,120,53.0
1,18,150,132.0
6,65,200,22.5
1,72,200,128.0
6,146,100,0.0
1,143,200,57.0
6,53,100,7.833333333333333
3,111,120,3.0
8,17,150,16.625
6,116,150,5.666666666666667
1,84,120,36.0
5,138,100,0.0
8,38,120,10.25
3,104,150,15.333333333333334
6,67,150,13.833333333333334
5,24,200,35.2
6,122,100,0.0
1,120,200,80.0
7,60,150,12.857142857142858
9,99,150,5.666666666666667
2,50,200,75.0
5,97,200,20.6
4,136,150,3.5
6,1,200,33.166666666666664
6,4,200,32.666666666666664
2,85,100,7.5
2,132,150,9.0
4,67,120,13.25
1,8,100,92.0
9,92,120,3.111111111111111
7,149,200,7.285714285714286
7,137,200,9.0
3,124,120,0.0
3,60,200,46.666666666666664
1,50,200,150.0
3,9,100,30.333333333333332
3,133,120,0.0
4,61,100,9.75
4,112,120,2.0
3,132,100,0.0
8,121,150,3.625
8,122,150,3.5
1,62,120,58.0
7,110,150,5.714285714285714
2,88,100,6.0
1,50,120,70.0
3,131,150,6.333333333333333
4,103,150,11.75
6,122,120,0.0
5,47,150,20.6
4,31,150,29.75
8,119,120,0.125
4,98,150,13.0
2,73,150,38.5
3,33,150,39.0
6,69,150,13.5
8,109,200,11.375
8,15,120,13.125
9,58,200,15.777777777777779
7,18,200,26.0
2,94,100,3.0
8,112,200,11.0
7,40,200,22.857142857142858
8,80,100,2.5
3,102,150,16.0
7,53,150,13.857142857142858
9,94,200,11.777777777777779
3,146,100,0.0
6,61,150,14.833333333333334
2,98,100,1.0
2,92,120,14.0
5,64,120,11.2
5,67,120,10.6
7,27,120,13.285714285714286
2,17,200,91.5
7,25,120,13.571428571428571
5,103,120,3.4
6,146,100,0.0
8,54,150,12.0
4,118,100,0.0
7,123,200,11.0
6,133,120,0.0
2,128,150,11.0
8,7,150,17.875
9,50,120,7.777777777777778
5,84,120,7.2
4,24,200,44.0
6,82,200,19.666666666666668
8,92,120,3.5
3,116,120,1.3333333333333333
1,137,120,0.0
4,55,120,16.25
4,11,150,34.75
1,119,200,81.0
9,70,120,5.555555555555555
3,16,120,34.666666666666664
5,121,150,5.8
6,123,100,0.0
8,9,120,13.875
6,30,150,20.0
3,59,150,30.333333333333332
6,69,100,5.166666666666667
1,16,200,184.0
4,49,200,37.75
6,36,200,27.333333333333332
7,117,120,0.42857142857142855
3,79,200,40.333333333333336
9,10,120,12.222222222222221
7,133,120,0.0
1,122,150,28.0
2,34,200,83.0
1,32,200,168.0
9,17,200,20.333333333333332
9,12,120,12.0
7,89,120,4.428571428571429
3,109,200,30.333333333333332
5,0,120,24.0
4,62,120,14.5
7,33,100,9.571428571428571
9,102,100,0.0
2,9,200,95.5
8,127,200,9.125
9,6,100,10.444444444444445
9,55,120,7.222222222222222
7,79,120,5.857142857142857
9,11,150,15.444444444444445
9,144,200,6.222222222222222
3,47,200,51.0
4,25,200,43.75
2,111,150,19.5
3,121,150,9.666666666666666
5,11,120,21.8
5,148,100,0.0
6,41,100,9.833333333333334
7,60,100,5.714285714285714
7,57,120,9.0
1,33,100,67.0
2,6,150,72.0
9,108,150,4.666666666666667
2,34,200,83.0
6,14,100,14.333333333333334
1,24,150,126.0
3,58,200,47.333333333333336
2,78,100,11.0
3,85,100,5.0
5,133,150,3.4
6,87,200,18.833333333333332
9,148,200,5.777777777777778
4,70,150,20.0
7,120,150,4.285714285714286
6,92,150,9.666666666666666
2,95,100,2.5
8,31,150,14.875
7,52,150,14.0
7,58,120,8.857142857142858
8,68,150,10.25
1,131,150,19.0
1,85,100,15.0
8,17,200,22.875
4,80,100,5.0
5,113,120,1.4
8,23,150,15.875
5,65,150,17.0
4,140,150,2.5
6,61,150,14.833333333333334
5,53,150,19.4
7,142,150,1.1428571428571428
7,130,120,0.0
4,36,150,28.5
5,36,150,22.8
3,130,150,6.666666666666667
4,34,120,21.5
4,123,150,6.75
3,17,120,34.333333333333336
5,121,100,0.0
5,47,150,20.6
7,16,200,26.285714285714285
4,134,120,0.0
4,56,100,11.0
9,7,120,12.555555555555555
6,127,120,0.0
4,116,100,0.0
2,55,150,47.5
6,125,150,4.166666666666667
2,58,120,31.0
5,57,100,8.6
6,139,150,1.8333333333333333
4,107,120,3.25
3,73,200,42.333333333333336
7,147,100,0.0
2,100,200,50.0
6,47,200,25.5
4,70,120,12.5
6,115,100,0.0
4,121,150,7.25
4,77,150,18.25
4,28,120,23.0
9,92,150,6.444444444444445
7,72,150,11.142857142857142
3,99,200,33.666666666666664
3,73,200,42.333333333333336
6,94,100,1.0
6,16,200,30.666666666666668
4,136,150,3.5
9,96,100,0.4444444444444444
4,8,100,23.0
9,134,120,0.0
4,143,200,14.25
2,18,100,41.0
2,133,150,8.5
5,113,100,0.0
4,138,100,0.0
7,124,120,0.0
5,60,150,18.0
6,41,150,18.166666666666668
4,12,200,47.0
2,139,150,5.5
9,84,100,1.7777777777777777
7,19,150,18.714285714285715
4,49,150,25.25
3,91,100,3.0
3,87,120,11.0
9,68,200,14.666666666666666
5,36,200,32.8
3,139,120,0.0
5,98,100,0.4
2,124,200,38.0
4,53,120,16.75
2,129,120,0.0
2,40,120,40.0
8,44,200,19.5
1,102,200,98.0
7,105,200,13.571428571428571
5,136,200,12.8
8,127,150,2.875
1,85,120,35.0
7,46,150,14.857142857142858
5,4,120,23.2
4,0,200,50.0
7,43,200,22.428571428571427
2,149,150,0.5
1,37,100,63.0
1,18,200,182.0
1,114,100,0.0
5,86,120,6.8
7,122,150,4.0
2,81,100,9.5
8,140,100,0.0
4,57,200,35.75
3,145,100,0.0
8,66,100,4.25
2,121,120,0.0
3,86,150,21.333333333333332
3,130,200,23.333333333333332
1,54,200,146.0
6,88,100,2.0
2,57,120,31.5
1,62,100,38.0
2,90,100,5.0
6,51,200,24.833333333333332
4,125,100,0.0
6,23,100,12.833333333333334
9,71,120,5.444444444444445
8,8,200,24.0
1,109,150,41.0
8,93,120,3.375
9,116,120,0.4444444444444444
6,82,120,6.333333333333333
5,79,200,24.2
6,148,100,0.0
6,99,150,8.5
9,39,200,17.88888888888889
4,102,100,0.0
2,61,120,29.5
9,68,200,14.666666666666666
2,141,100,0.0
9,108,150,4.666666666666667
2,3,150,73.5
8,71,100,3.625
9,16,200,20.444444444444443
9,113,120,0.7777777777777778
9,84,100,1.7777777777777777
2,56,120,32.0
4,106,150,11.0
7,47,100,7.571428571428571
2,116,150,17.0
1,30,120,90.0
3,111,120,3.0
4,46,100,13.5
8,133,100,0.0
6,107,100,0.0
2,71,150,39.5
9,70,120,5.555555555555555
2,107,120,6.5
5,52,150,19.6
4,141,100,0.0
7,15,200,26.428571428571427
8,115,100,0.0
5,72,200,25.6
5,73,200,25.4
2,80,150,35.0
8,11,120,13.625
2,127,120,0.0
6,69,120,8.5
8,146,120,0.0
6,40,150,18.333333333333332
4,58,200,35.5
4,88,120,8.0
6,23,200,29.5
4,143,150,1.75
8,79,100,2.625
9,133,150,1.8888888888888888
1,131,120,0.0
4,91,100,2.25
4,91,150,14.75
2,80,150,35.0
6,141,200,9.833333333333334
3,70,150,26.666666666666668
7,64,100,5.142857142857143
5,51,150,19.8
4,29,120,22.75
5,98,200,20.4
8,97,100,0.375
3,41,100,19.666666666666668
7,138,150,1.7142857142857142
6,26,120,15.666666666666666
1,71,200,129.0
7,17,100,11.857142857142858
7,76,200,17.714285714285715
1,44,150,106.0
9,114,120,0.6666666666666666
6,86,150,10.666666666666666
2,139,200,30.5
5,91,150,11.8
4,21,200,44.75
7,91,100,1.2857142857142858
8,76,100,3.0
1,24,150,126.0
5,107,100,0.0
3,134,200,22.0
1,108,100,0.0
3,133,120,0.0
6,23,120,16.166666666666668
7,18,150,18.857142857142858
8,82,150,8.5
4,114,150,9.0
3,8,150,47.333333333333336
5,111,200,17.8
9,101,200,11.0
6,47,120,12.166666666666666
9,68,200,14.666666666666666
6,118,100,0.0
2,44,120,38.0
5,124,150,5.2
9,13,150,15.222222222222221
8,133,200,8.375
7,134,120,0.0
1,36,200,164.0
4,52,200,37.0
7,17,200,26.142857142857142
7,37,120,11.857142857142858
6,128,150,3.6666666666666665
8,43,100,7.125
6,46,150,17.333333333333332
3,34,120,28.666666666666668
4,59,150,22.75
3,89,150,20.333333333333332
1,51,100,49.0
5,7,150,28.6
1,106,150,44.0
1,130,150,20.0
2,141,200,29.5
4,95,120,6.25
6,25,120,15.833333333333334
8,110,100,0.0
3,122,200,26.0
1,50,200,150.0
3,122,150,9.333333333333334
3,4,120,38.666666666666664
5,76,100,4.8
4,0,200,50.0
4,10,150,35.0
9,7,100,10.333333333333334
7,31,200,24.142857142857142
4,27,100,18.25
3,130,200,23.333333333333332
6,127,100,0.0
3,61,200,46.333333333333336
6,26,200,29.0
9,44,100,6.222222222222222
6,104,200,16.0
4,91,200,27.25
5,24,200,35.2
6,43,100,9.5
3,141,100,0.0
8,135,200,8.125
4,141,200,14.75
8,79,100,2.625
3,81,150,23.0
7,134,200,9.428571428571429
9,87,150,7.0
4,126,100,0.0
8,54,200,18.25
3,140,150,3.3333333333333335
7,55,100,6.428571428571429
3,14,150,45.333333333333336
7,57,120,9.0
6,87,100,2.1666666666666665
2,96,120,12.0
3,143,100,0.0
6,7,100,15.5
4,39,200,40.25
6,13,120,17.833333333333332
1,52,120,68.0
1,126,120,0.0
3,79,100,7.0
8,114,120,0.75
8,133,120,0.0
4,54,200,36.5
6,43,150,17.833333333333332
8,17,150,16.625
7,15,120,15.0
7,11,120,15.571428571428571
4,147,120,0.0
9,44,120,8.444444444444445
6,92,150,9.666666666666666
3,21,200,59.666666666666664
5,96,100,0.8
5,46,120,14.8
5,28,120,18.4
8,44,150,13.25
9,76,120,4.888888888888889
9,8,200,21.333333333333332
6,23,200,29.5
6,14,120,17.666666666666668
9,12,150,15.333333333333334
4,90,120,7.5
6,100,120,3.3333333333333335
4,70,150,20.0
1,121,200,79.0
7,75,100,3.5714285714285716
6,115,120,0.8333333333333334
9,60,200,15.555555555555555
7,125,120,0.0
7,0,100,14.285714285714286
2,67,150,41.5
9,87,200,12.555555555555555
9,20,100,8.88888888888889
6,134,120,0.0
3,2,100,32.666666666666664
1,50,200,150.0
4,78,150,18.0
3,94,120,8.666666666666666
1,122,150,28.0
3,5,150,48.333333333333336
4,16,100,21.0
8,116,100,0.0
9,59,200,15.666666666666666
3,149,200,17.0
6,124,150,4.333333333333333
5,80,200,24.0
6,84,150,11.0
4,50,120,17.5
6,138,150,2.0
7,70,200,18.571428571428573
9,38,200,18.0
7,68,150,11.714285714285714
6,47,100,8.833333333333334
1,124,150,26.0
2,56,150,47.0
1,20,100,80.0
9,81,120,4.333333333333333
9,98,100,0.2222222222222222
7,147,200,7.571428571428571
2,14,100,43.0
6,68,200,22.0
4,75,200,31.25
1,61,150,89.0
1,118,150,32.0
5,36,120,16.8
2,133,200,33.5
4,25,150,31.25
1,7,200,193.0
4,3,120,29.25
6,20,200,30.0
4,148,120,0.0
1,24,120,96.0
7,142,120,0.0
2,42,150,54.0
9,36,100,7.111111111111111
3,41,100,19.666666666666668
8,91,150,7.375
8,60,200,17.5
3,141,150,3.0
4,67,200,33.25
2,52,120,34.0
4,83,150,16.75
9,33,100,7.444444444444445
2,75,200,62.5
3,96,150,18.0
4,147,150,0.75
5,29,200,34.2
1,87,120,33.0
7,6,120,16.285714285714285
7,35,120,12.142857142857142
9,37,120,9.222222222222221
4,51,200,37.25
6,142,100,0.0
2,139,150,5.5
4,142,150,2.0
2,92,120,14.0
5,106,200,18.8
7,125,100,0.0
1,48,100,52.0
7,20,150,18.571428571428573
6,14,120,17.666666666666668
6,13,150,22.833333333333332
8,41,150,13.625
8,14,100,10.75
6,62,200,23.0
3,26,100,24.666666666666668
5,92,150,11.6
2,104,120,8.0
5,52,120,13.6
9,51,200,16.555555555555557
1,62,200,138.0
5,56,200,28.8
6,119,150,5.166666666666667
7,51,150,14.142857142857142
9,106,200,10.444444444444445
6,42,120,13.0
5,134,120,0.0
7,116,120,0.5714285714285714
1,3,150,147.0
5,132,100,0.0
2,79,120,20.5
4,40,120,20.0
7,131,120,0.0
5,1,200,39.8
6,148,150,0.3333333333333333
2,42,200,79.0
3,81,200,39.666666666666664
7,107,100,0.0
2,136,200,32.0
6,25,100,12.5
5,81,200,23.8
1,82,120,38.0
4,130,150,5.0
2,72,200,64.0
4,99,100,0.25
1,48,150,102.0
2,144,100,0.0
8,62,120,7.25
6,54,200,24.333333333333332
2,33,150,58.5
6,104,120,2.6666666666666665
9,104,200,10.666666666666666
7,68,200,18.857142857142858
9,14,100,9.555555555555555
5,2,100,19.6
7,2,120,16.857142857142858
7,101,100,0.0
3,3,120,39.0
7,87,120,4.714285714285714
1,44,120,76.0
9,44,100,6.222222222222222
6,74,150,12.666666666666666
5,8,120,22.4
7,144,150,0.8571428571428571
5,117,200,16.6
5,64,100,7.2
7,130,100,0.0
7,25,150,17.857142857142858
3,25,200,58.333333333333336
3,22,200,59.333333333333336
3,29,120,30.333333333333332
6,9,100,15.166666666666666
6,71,200,21.5
3,63,200,45.666666666666664
3,149,120,0.0
8,142,120,0.0
8,122,150,3.5
7,104,100,0.0
4,73,200,31.75
4,147,150,0.75
3,104,100,0.0
5,46,150,20.8
3,86,100,4.666666666666667
8,52,100,6.0
7,128,200,10.285714285714286
3,1,100,33.0
9,57,120,7.0
5,146,200,10.8
9,71,120,5.444444444444445
7,139,150,1.5714285714285714
7,26,150,17.714285714285715
6,28,100,12.0
2,14,100,43.0
9,128,120,0.0
6,59,120,10.166666666666666
8,106,120,1.75
1,2,150,148.0
5,114,120,1.2
1,145,200,55.0
8,51,200,18.625
8,59,150,11.375
1,33,120,87.0
9,95,120,2.7777777777777777
2,88,100,6.0
9,59,200,15.666666666666666
1,18,150,132.0
9,110,120,1.1111111111111112
4,21,100,19.75
9,127,150,2.5555555555555554
7,34,150,16.571428571428573
6,106,200,15.666666666666666
5,127,120,0.0
9,82,150,7.555555555555555
2,137,100,0.0
2,142,100,0.0
9,138,150,1.3333333333333333
3,110,100,0.0
8,89,150,7.625
9,23,100,8.555555555555555
8,76,150,9.25
4,100,150,12.5
1,131,150,19.0
4,12,100,22.0
9,97,150,5.888888888888889
2,119,200,40.5
3,36,150,38.0
8,47,120,9.125
6,0,120,20.0
8,59,200,17.625
7,139,150,1.5714285714285714
5,148,120,0.0
9,138,150,1.3333333333333333
4,43,120,19.25
6,114,100,0.0
2,107,100,0.0
2,43,200,78.5
2,77,200,61.5
7,24,150,18.0
2,131,200,34.5
2,115,150,17.5
9,118,100,0.0
7,143,100,0.0
3,9,120,37.0
3,108,150,14.0
7,34,100,9.428571428571429
5,133,100,0.0
6,18,150,22.0
8,7,120,14.125
9,9,120,12.333333333333334
1,28,120,92.0
3,14,120,35.333333333333336
7,86,100,2.0
6,22,150,21.333333333333332
7,45,150,15.0
8,27,100,9.125
6,25,100,12.5
3,9,100,30.333333333333332
2,3,200,98.5
7,54,150,13.714285714285714
1,65,150,85.0
3,66,150,28.0
4,134,120,0.0
1,54,100,46.0
5,30,100,14.0
3,73,100,9.0
2,18,200,91.0
3,80,150,23.333333333333332
8,146,100,0.0
6,86,200,19.0
7,19,100,11.571428571428571
6,12,120,18.0
6,76,150,12.333333333333334
3,42,200,52.666666666666664
8,138,100,0.0
7,142,150,1.1428571428571428
7,144,200,8.0
6,49,150,16.833333333333332
5,27,150,24.6
8,3,120,14.625
5,21,150,25.8
9,118,200,9.11111111111111
9,100,150,5.555555555555555
1,38,200,162.0
6,33,150,19.5
7,96,100,0.5714285714285714
3,43,120,25.666666666666668
7,39,100,8.714285714285714
7,96,120,3.4285714285714284
2,139,200,30.5
7,129,120,0.0
1,73,150,77.0
5,85,150,13.0
9,89,100,1.2222222222222223
7,66,120,7.714285714285714
7,75,200,17.857142857142858
2,91,200,54.5
8,9,150,17.625
3,85,200,38.333333333333336
8,101,150,6.125
3,107,150,14.333333333333334
7,90,150,8.571428571428571
2,78,100,11.0
4,85,100,3.75
6,106,150,7.333333333333333
9,100,150,5.555555555555555
5,107,150,8.6
9,59,200,15.666666666666666
5,47,150,20.6
8,116,150,4.25
1,105,120,15.0
7,146,120,0.0
4,32,120,22.0
5,43,120,15.4
6,111,150,6.5
5,88,120,6.4
1,35,200,165.0
9,80,200,13.333333333333334
2,87,120,16.5
9,148,100,0.0
2,129,200,35.5
9,30,200,18.88888888888889
6,107,120,2.1666666666666665
9,29,120,10.11111111111111
6,11,150,23.166666666666668
6,50,200,25.0
2,120,120,0.0
8,138,120,0.0
3,12,150,46.0
7,90,200,15.714285714285714
5,73,120,9.4
3,19,150,43.666666666666664
1,71,120,49.0
8,72,100,3.5
3,70,100,10.0
2,77,120,21.5
1,27,200,173.0
4,129,100,0.0
8,120,150,3.75
3,42,120,26.0
1,7,150,143.0
4,12,100,22.0
9,110,200,10.0
1,34,150,116.0
2,22,100,39.0
9,45,100,6.111111111111111
2,14,100,43.0
3,129,150,7.0
7,60,100,5.714285714285714
3,114,120,2.0
9,63,100,4.111111111111111
6,51,120,11.5
3,68,200,44.0
9,66,120,6.0
1,82,200,118.0
3,1,200,66.33333333333333
1,77,120,43.0
2,27,200,86.5
8,53,120,8.375
7,66,150,12.0
2,101,200,49.5
2,119,120,0.5
9,47,200,17.0
6,46,100,9.0
5,20,120,20.0
6,91,100,1.5
9,120,200,8.88888888888889
7,115,200,12.142857142857142
9,149,150,0.1111111111111111
4,148,120,0.0
2,0,100,50.0
8,76,150,9.25
4,84,200,29.0
9,45,200,17.22222222222222
4,136,150,3.5
8,144,100,0.0
9,46,200,17.11111111111111
9,58,200,15.777777777777779
4,53,120,16.75
1,85,150,65.0
3,11,200,63.0
9,5,100,10.555555555555555
4,52,120,17.0
5,143,150,1.4
7,89,100,1.5714285714285714
5,4,200,39.2
4,72,150,19.5
2,13,150,68.5
2,105,100,0.0
4,51,150,24.75
9,115,100,0.0
8,25,200,21.875
3,52,120,22.666666666666668
9,108,100,0.0
5,28,120,18.4
3,18,150,44.0
5,46,100,10.8
4,135,200,16.25
8,22,100,9.75
5,116,100,0.0
8,105,100,0.0
9,52,120,7.555555555555555
4,95,120,6.25
7,4,150,20.857142857142858
2,15,150,67.5
6,16,150,22.333333333333332
8,101,150,6.125
7,19,100,11.571428571428571
7,111,120,1.2857142857142858
8,119,120,0.125
7,110,120,1.4285714285714286
5,0,120,24.0
7,57,150,13.285714285714286
3,92,100,2.6666666666666665
5,5,120,23.0
7,107,200,13.285714285714286
9,102,100,0.0
2,49,200,75.5
4,117,100,0.0
7,109,100,0.0
1,87,100,13.0
2,19,200,90.5
9,13,120,11.88888888888889
7,132,120,0.0
7,39,200,23.0
6,33,120,14.5
3,123,150,9.0
3,44,120,25.333333333333332
2,79,150,35.5
6,70,150,13.333333333333334
4,77,150,18.25
5,77,200,24.6
3,32,120,29.333333333333332
6,32,120,14.666666666666666
3,43,200,52.333333333333336
8,19,200,22.625
9,110,120,1.1111111111111112
4,6,200,48.5
9,23,200,19.666666666666668
7,69,150,11.571428571428571
3,111,200,29.666666666666668
7,103,150,6.714285714285714
1,53,100,47.0
3,37,150,37.666666666666664
6,73,150,12.833333333333334
4,79,200,30.25
7,31,120,12.714285714285714
3,44,100,18.666666666666668
1,60,100,40.0
9,52,100,5.333333333333333
6,127,120,0.0
8,75,100,3.125
3,26,100,24.666666666666668
8,61,120,7.375
2,17,100,41.5
4,126,200,18.5
3,108,200,30.666666666666668
1,102,150,48.0
7,76,150,10.571428571428571
2,116,150,17.0
4,103,200,24.25
9,48,200,16.88888888888889
6,115,200,14.166666666666666
8,140,150,1.25
2,99,150,25.5
7,124,150,3.7142857142857144
6,24,150,21.0
9,127,150,2.5555555555555554
7,99,150,7.285714285714286
1,145,200,55.0
8,4,120,14.5
3,18,120,34.0
2,17,150,66.5
3,120,120,0.0
6,31,120,14.833333333333334
3,148,200,17.333333333333332
5,9,150,28.2
6,36,150,19.0
8,85,120,4.375
7,12,150,19.714285714285715
8,144,150,0.75
3,8,150,47.333333333333336
4,87,150,15.75
6,45,120,12.5
7,135,100,0.0
9,118,120,0.2222222222222222
1,18,200,182.0
8,93,100,0.875
8,25,100,9.375
6,45,100,9.166666666666666
4,117,120,0.75
3,45,200,51.666666666666664
3,13,120,35.666666666666664
6,84,200,19.333333333333332
8,62,120,7.25
7,71,120,7.0
1,2,120,118.0
6,27,100,12.166666666666666
7,124,120,0.0
7,86,200,16.285714285714285
9,145,200,6.111111111111111
5,76,200,24.8
1,75,100,25.0
2,113,120,3.5
4,132,120,0.0
5,74,150,15.2
9,58,100,4.666666666666667
1,58,200,142.0
3,46,200,51.333333333333336
5,94,120,5.2
3,140,200,20.0
4,77,120,10.75
3,112,120,2.6666666666666665
4,108,150,10.5
1,105,100,0.0
8,88,120,4.0
4,32,120,22.0
